case,method,construction_median_seconds,joint_direct_seconds,original_cost,repaired_cost,target_innovation_evaluations,actor_scalars,checkpoint_bytes,maximum_coefficient_bits,peak_rss_kib,counts
C2;2;1;U,W,0.02416039700000283,3.7991219940000747,"['637204674081646700865131155369109648755/1020839312302671967670328461151386468352', '651095828992256243721656206873001294453/1020839312302671967670328461151386468352']","['623902308633825097678616848423909101685/1020839312302671967670328461151386468352', '39865038290975112735462325807730914685/63802457018916997979395528821961654272']",1156,578,42828,36,42372,"{'bellman_queries': 1156, 'corner_terms': 4624, 'exact_selector_fallbacks': 0, 'innovation_midpoints': 1156, 'maximum_coefficient_bits': 36, 'multilinear_cells': 0, 'nearest_cell_vertices': 0, 'original_witness_indices': 867, 'pilot_bellman_queries': 0, 'point_values': 1156, 'stage_cost_evaluations': 1156, 'stored_actor_scalars': 578, 'stored_critic_labels': 867, 'terminal_cost_evaluations': 289, 'transform_relaxations': 3264}"
C2;2;1;U,F,0.024429102999988572,3.7991219940000747,"['38167020265569083494071036281383763359/63802457018916997979395528821961654272', '156130704728766237187499255227821626555/255209828075667991917582115287846617088']","['608702233530398519588019363264763419559/1020839312302671967670328461151386468352', '155648165718311416087472701756955370365/255209828075667991917582115287846617088']",1156,578,26736,42,42688,"{'bellman_queries': 1156, 'corner_terms': 0, 'exact_selector_fallbacks': 0, 'innovation_midpoints': 1156, 'maximum_coefficient_bits': 42, 'multilinear_cells': 6358, 'nearest_cell_vertices': 5202, 'original_witness_indices': 0, 'pilot_bellman_queries': 0, 'point_values': 6358, 'stage_cost_evaluations': 1156, 'stored_actor_scalars': 578, 'stored_critic_labels': 867, 'terminal_cost_evaluations': 289, 'transform_relaxations': 0}"
C3;2;1;U,W,0.43830568300001005,6.102230115999987,"['150553521126687909092767434507758054173/255209828075667991917582115287846617088', '613194364844697635577187045787158682957/1020839312302671967670328461151386468352']","['592722212882793359715509249424069424981/1020839312302671967670328461151386468352', '603789535705150047579204782456661360743/1020839312302671967670328461151386468352']",19652,9826,871476,42,45400,"{'bellman_queries': 19652, 'corner_terms': 157216, 'exact_selector_fallbacks': 0, 'innovation_midpoints': 19652, 'maximum_coefficient_bits': 42, 'multilinear_cells': 0, 'nearest_cell_vertices': 0, 'original_witness_indices': 14739, 'pilot_bellman_queries': 0, 'point_values': 19652, 'stage_cost_evaluations': 19652, 'stored_actor_scalars': 9826, 'stored_critic_labels': 14739, 'terminal_cost_evaluations': 4913, 'transform_relaxations': 83232}"
C3;2;1;U,F,0.3913290319999305,6.102230115999987,"['72612358155433668409221152397578087759/127604914037833995958791057643923308544', '591903864261622328165584856572423565771/1020839312302671967670328461151386468352']","['289753411440050817671676397526960517557/510419656151335983835164230575693234176', '295270894285522950601432805628387640195/510419656151335983835164230575693234176']",19652,9826,444777,42,43348,"{'bellman_queries': 19652, 'corner_terms': 0, 'exact_selector_fallbacks': 0, 'innovation_midpoints': 19652, 'maximum_coefficient_bits': 42, 'multilinear_cells': 284954, 'nearest_cell_vertices': 265302, 'original_witness_indices': 0, 'pilot_bellman_queries': 0, 'point_values': 284954, 'stage_cost_evaluations': 19652, 'stored_actor_scalars': 9826, 'stored_critic_labels': 14739, 'terminal_cost_evaluations': 4913, 'transform_relaxations': 0}"
C4;2;1;U,W,1.7418337130000054,9.78980259900004,"['1269668933326315459152024908043658047419/2041678624605343935340656922302772936704', '1290321305383214959815612133533493077505/2041678624605343935340656922302772936704']","['308286295738135927750362544202990542967/510419656151335983835164230575693234176', '39168660402769922731047463443653481053/63802457018916997979395528821961654272']",236196,13122,1049120,42,51712,"{'bellman_queries': 118098, 'corner_terms': 3779136, 'exact_selector_fallbacks': 0, 'innovation_midpoints': 236196, 'maximum_coefficient_bits': 42, 'multilinear_cells': 0, 'nearest_cell_vertices': 0, 'original_witness_indices': 19683, 'pilot_bellman_queries': 0, 'point_values': 236196, 'stage_cost_evaluations': 118098, 'stored_actor_scalars': 13122, 'stored_critic_labels': 19683, 'terminal_cost_evaluations': 6561, 'transform_relaxations': 139968}"
C4;2;1;U,F,29.09463809400006,9.78980259900004,"['597704650861128310249573199946116686543/1020839312302671967670328461151386468352', '1215316745686805096350898970237056478559/2041678624605343935340656922302772936704']","['597597175194612737869030955062010765305/1020839312302671967670328461151386468352', '1215101508803605189298525694622602366475/2041678624605343935340656922302772936704']",3242952,167042,7643440,42,173840,"{'bellman_queries': 1621476, 'corner_terms': 0, 'exact_selector_fallbacks': 0, 'innovation_midpoints': 3242952, 'maximum_coefficient_bits': 84, 'multilinear_cells': 17836236, 'nearest_cell_vertices': 14593284, 'original_witness_indices': 0, 'pilot_bellman_queries': 0, 'point_values': 17836236, 'stage_cost_evaluations': 1621476, 'stored_actor_scalars': 180164, 'stored_critic_labels': 270246, 'terminal_cost_evaluations': 90082, 'transform_relaxations': 0}"
I2;2;1;U,W,0.01953451800000039,3.743757119999941,"['163230690409197294104370010021013291461/255209828075667991917582115287846617088', '667489434558278505449390593361380956377/1020839312302671967670328461151386468352']","['627370688815725318463600170973030174813/1020839312302671967670328461151386468352', '320800298211136406284761694393324834273/510419656151335983835164230575693234176']",11664,162,14552,41,43400,"{'bellman_queries': 1458, 'corner_terms': 46656, 'exact_selector_fallbacks': 0, 'innovation_midpoints': 11664, 'maximum_coefficient_bits': 41, 'multilinear_cells': 0, 'nearest_cell_vertices': 0, 'original_witness_indices': 243, 'pilot_bellman_queries': 0, 'point_values': 11664, 'stage_cost_evaluations': 1458, 'stored_actor_scalars': 162, 'stored_critic_labels': 243, 'terminal_cost_evaluations': 81, 'transform_relaxations': 864}"
I2;2;1;U,F,0.023157109000010223,3.743757119999941,"['303222963997480155489653548394940787811/510419656151335983835164230575693234176', '310238524724786131656670383005123568037/510419656151335983835164230575693234176']","['302999966511642429091831952418583004483/510419656151335983835164230575693234176', '310014830665326249090488719428720935545/510419656151335983835164230575693234176']",11664,162,9556,41,43040,"{'bellman_queries': 1458, 'corner_terms': 0, 'exact_selector_fallbacks': 0, 'innovation_midpoints': 11664, 'maximum_coefficient_bits': 41, 'multilinear_cells': 13122, 'nearest_cell_vertices': 1458, 'original_witness_indices': 0, 'pilot_bellman_queries': 0, 'point_values': 13122, 'stage_cost_evaluations': 1458, 'stored_actor_scalars': 162, 'stored_critic_labels': 243, 'terminal_cost_evaluations': 81, 'transform_relaxations': 0}"
Q2;2;1;U,W,0.08471770899996045,3.870105692999914,"['311213013440176699728819674430455674709/510419656151335983835164230575693234176', '39769468712656821979957237511945592833/63802457018916997979395528821961654272']","['307658610893809853496257748746675634509/510419656151335983835164230575693234176', '314614550523902188948993642916917868695/510419656151335983835164230575693234176']",13068,2178,175977,41,42628,"{'bellman_queries': 6534, 'corner_terms': 52272, 'exact_selector_fallbacks': 0, 'innovation_midpoints': 13068, 'maximum_coefficient_bits': 41, 'multilinear_cells': 0, 'nearest_cell_vertices': 0, 'original_witness_indices': 3267, 'pilot_bellman_queries': 0, 'point_values': 13068, 'stage_cost_evaluations': 6534, 'stored_actor_scalars': 2178, 'stored_critic_labels': 3267, 'terminal_cost_evaluations': 1089, 'transform_relaxations': 12672}"
Q2;2;1;U,F,0.06443698300000733,3.870105692999914,"['151894795728933128170275506413900018543/255209828075667991917582115287846617088', '310753007052001485247648348187297950621/510419656151335983835164230575693234176']","['151706689440941579514334614113082525265/255209828075667991917582115287846617088', '19398998206144077041856724503213560077/31901228509458498989697764410980827136']",13068,2178,100944,42,43124,"{'bellman_queries': 6534, 'corner_terms': 0, 'exact_selector_fallbacks': 0, 'innovation_midpoints': 13068, 'maximum_coefficient_bits': 42, 'multilinear_cells': 32670, 'nearest_cell_vertices': 19602, 'original_witness_indices': 0, 'pilot_bellman_queries': 0, 'point_values': 32670, 'stage_cost_evaluations': 6534, 'stored_actor_scalars': 2178, 'stored_critic_labels': 3267, 'terminal_cost_evaluations': 1089, 'transform_relaxations': 0}"
P2;2;1;U,W,0.02396266400000968,3.901002229000028,"['79396097494209157270162873994410662065/127604914037833995958791057643923308544', '324511698400532762757503845771808909917/510419656151335983835164230575693234176']","['621815430917677301374098780226235052343/1020839312302671967670328461151386468352', '317860128096941499429932325119878266877/510419656151335983835164230575693234176']",1156,578,42828,36,42980,"{'bellman_queries': 1156, 'corner_terms': 4624, 'exact_selector_fallbacks': 0, 'innovation_midpoints': 1156, 'maximum_coefficient_bits': 36, 'multilinear_cells': 0, 'nearest_cell_vertices': 0, 'original_witness_indices': 867, 'pilot_bellman_queries': 0, 'point_values': 1156, 'stage_cost_evaluations': 1156, 'stored_actor_scalars': 578, 'stored_critic_labels': 867, 'terminal_cost_evaluations': 289, 'transform_relaxations': 3264}"
P2;2;1;U,F,0.024268653000035556,3.901002229000028,"['76102691949005047649335107630771178763/127604914037833995958791057643923308544', '77830198772276091331036117154250078433/127604914037833995958791057643923308544']","['303419489589013656176215551813631051685/510419656151335983835164230575693234176', '155174819904488644994790883858141947251/255209828075667991917582115287846617088']",1156,578,26736,42,43024,"{'bellman_queries': 1156, 'corner_terms': 0, 'exact_selector_fallbacks': 0, 'innovation_midpoints': 1156, 'maximum_coefficient_bits': 42, 'multilinear_cells': 6358, 'nearest_cell_vertices': 5202, 'original_witness_indices': 0, 'pilot_bellman_queries': 0, 'point_values': 6358, 'stage_cost_evaluations': 1156, 'stored_actor_scalars': 578, 'stored_critic_labels': 867, 'terminal_cost_evaluations': 289, 'transform_relaxations': 0}"
Q2;2;4;U,W,0.10860065500003202,3.9186894900000198,"['176713752036409904447042238685511066515/255209828075667991917582115287846617088', '90218820608094358450533867976843665817/127604914037833995958791057643923308544']","['701865475431114242216425887650252618839/1020839312302671967670328461151386468352', '716763163098099965974663675153145023667/1020839312302671967670328461151386468352']",19602,2178,182695,42,42628,"{'bellman_queries': 19602, 'corner_terms': 78408, 'exact_selector_fallbacks': 0, 'innovation_midpoints': 19602, 'maximum_coefficient_bits': 42, 'multilinear_cells': 0, 'nearest_cell_vertices': 0, 'original_witness_indices': 3267, 'pilot_bellman_queries': 0, 'point_values': 19602, 'stage_cost_evaluations': 19602, 'stored_actor_scalars': 2178, 'stored_critic_labels': 3267, 'terminal_cost_evaluations': 1089, 'transform_relaxations': 12672}"
Q2;2;4;U,F,0.08995195199997852,3.9186894900000198,"['695254527573441834885037222837518294241/1020839312302671967670328461151386468352', '710116390163864259170799399669516928055/1020839312302671967670328461151386468352']","['21720299602203504133079251286798658065/31901228509458498989697764410980827136', '709912462406440622186418933015904684679/1020839312302671967670328461151386468352']",19602,2178,101770,42,43040,"{'bellman_queries': 19602, 'corner_terms': 0, 'exact_selector_fallbacks': 0, 'innovation_midpoints': 19602, 'maximum_coefficient_bits': 42, 'multilinear_cells': 39204, 'nearest_cell_vertices': 19602, 'original_witness_indices': 0, 'pilot_bellman_queries': 0, 'point_values': 39204, 'stage_cost_evaluations': 19602, 'stored_actor_scalars': 2178, 'stored_critic_labels': 3267, 'terminal_cost_evaluations': 1089, 'transform_relaxations': 0}"
Q2;3;1;U,W,0.5058882120000021,4.405619748999925,"['737426135220322515102072490675676068837/1020839312302671967670328461151386468352', '188080173326526568997833597874566788737/255209828075667991917582115287846617088']","['734047556106634268970603252037056844051/1020839312302671967670328461151386468352', '374470992484649638159798891677151029049/510419656151335983835164230575693234176']",126750,12675,1029096,42,46940,"{'bellman_queries': 63375, 'corner_terms': 507000, 'exact_selector_fallbacks': 0, 'innovation_midpoints': 126750, 'maximum_coefficient_bits': 42, 'multilinear_cells': 0, 'nearest_cell_vertices': 0, 'original_witness_indices': 16900, 'pilot_bellman_queries': 0, 'point_values': 126750, 'stage_cost_evaluations': 63375, 'stored_actor_scalars': 12675, 'stored_critic_labels': 16900, 'terminal_cost_evaluations': 4225, 'transform_relaxations': 66560}"
Q2;3;1;U,F,0.36495344099995464,4.405619748999925,"['722568339748885354455518840914135624243/1020839312302671967670328461151386468352', '23045596435903545263154796698977049799/31901228509458498989697764410980827136']","['361218545913305695228971892698637027349/510419656151335983835164230575693234176', '368665123450472060194150234285369665697/510419656151335983835164230575693234176']",126750,12675,563197,42,42892,"{'bellman_queries': 63375, 'corner_terms': 0, 'exact_selector_fallbacks': 0, 'innovation_midpoints': 126750, 'maximum_coefficient_bits': 42, 'multilinear_cells': 240825, 'nearest_cell_vertices': 114075, 'original_witness_indices': 0, 'pilot_bellman_queries': 0, 'point_values': 240825, 'stage_cost_evaluations': 63375, 'stored_actor_scalars': 12675, 'stored_critic_labels': 16900, 'terminal_cost_evaluations': 4225, 'transform_relaxations': 0}"
Q2;3;4;U,W,0.5058198579999953,4.513435696999977,"['887192607278628848887843418984533107949/1020839312302671967670328461151386468352', '112889108663279541019264729196216783479/127604914037833995958791057643923308544']","['883428366188090415222076598848530439459/1020839312302671967670328461151386468352', '112419710809198260789084739260860407579/127604914037833995958791057643923308544']",126750,12675,1007461,42,46940,"{'bellman_queries': 63375, 'corner_terms': 507000, 'exact_selector_fallbacks': 0, 'innovation_midpoints': 126750, 'maximum_coefficient_bits': 42, 'multilinear_cells': 0, 'nearest_cell_vertices': 0, 'original_witness_indices': 16900, 'pilot_bellman_queries': 0, 'point_values': 126750, 'stage_cost_evaluations': 63375, 'stored_actor_scalars': 12675, 'stored_critic_labels': 16900, 'terminal_cost_evaluations': 4225, 'transform_relaxations': 66560}"
Q2;3;4;U,F,0.360590473000002,4.513435696999977,"['872930097178181233079098175256499858927/1020839312302671967670328461151386468352', '13888840908092131278498950557708948661/15950614254729249494848882205490413568']","['872322249990486476838968675833958986717/1020839312302671967670328461151386468352', '888279506010119841268129245603515474159/1020839312302671967670328461151386468352']",126750,12675,552296,42,42808,"{'bellman_queries': 63375, 'corner_terms': 0, 'exact_selector_fallbacks': 0, 'innovation_midpoints': 126750, 'maximum_coefficient_bits': 42, 'multilinear_cells': 240825, 'nearest_cell_vertices': 114075, 'original_witness_indices': 0, 'pilot_bellman_queries': 0, 'point_values': 240825, 'stage_cost_evaluations': 63375, 'stored_actor_scalars': 12675, 'stored_critic_labels': 16900, 'terminal_cost_evaluations': 4225, 'transform_relaxations': 0}"
P3;2;1;U,W,0.44238431399998035,6.293759270999999,"['301050308513806661870362658232451565579/510419656151335983835164230575693234176', '613066194836111772577307978985854249633/1020839312302671967670328461151386468352']","['296276020198438202094960581807681579801/510419656151335983835164230575693234176', '150901524257975380300041845724692001353/255209828075667991917582115287846617088']",19652,9826,871476,42,45608,"{'bellman_queries': 19652, 'corner_terms': 157216, 'exact_selector_fallbacks': 0, 'innovation_midpoints': 19652, 'maximum_coefficient_bits': 42, 'multilinear_cells': 0, 'nearest_cell_vertices': 0, 'original_witness_indices': 14739, 'pilot_bellman_queries': 0, 'point_values': 19652, 'stage_cost_evaluations': 19652, 'stored_actor_scalars': 9826, 'stored_critic_labels': 14739, 'terminal_cost_evaluations': 4913, 'transform_relaxations': 83232}"
P3;2;1;U,F,0.38895958500000916,6.293759270999999,"['290436756454911472307396263039665467657/510419656151335983835164230575693234176', '147966469669555681980309040390797813173/255209828075667991917582115287846617088']","['289736130872726799998176205892216004649/510419656151335983835164230575693234176', '295247634096699210307888658556406182175/510419656151335983835164230575693234176']",19652,9826,444777,42,43528,"{'bellman_queries': 19652, 'corner_terms': 0, 'exact_selector_fallbacks': 0, 'innovation_midpoints': 19652, 'maximum_coefficient_bits': 42, 'multilinear_cells': 284954, 'nearest_cell_vertices': 265302, 'original_witness_indices': 0, 'pilot_bellman_queries': 0, 'point_values': 284954, 'stage_cost_evaluations': 19652, 'stored_actor_scalars': 9826, 'stored_critic_labels': 14739, 'terminal_cost_evaluations': 4913, 'transform_relaxations': 0}"
P4;2;1;U,W,1.844100377000018,7.713338924000027,"['1264838055663559090801047411507332040587/2041678624605343935340656922302772936704', '1285389054730976904263647394393473927015/2041678624605343935340656922302772936704']","['1228434104327009202066148429335520343945/2041678624605343935340656922302772936704', '1248586159288390289791812690410735887579/2041678624605343935340656922302772936704']",236196,13122,1049120,42,52504,"{'bellman_queries': 118098, 'corner_terms': 3779136, 'exact_selector_fallbacks': 0, 'innovation_midpoints': 236196, 'maximum_coefficient_bits': 42, 'multilinear_cells': 0, 'nearest_cell_vertices': 0, 'original_witness_indices': 19683, 'pilot_bellman_queries': 0, 'point_values': 236196, 'stage_cost_evaluations': 118098, 'stored_actor_scalars': 13122, 'stored_critic_labels': 19683, 'terminal_cost_evaluations': 6561, 'transform_relaxations': 139968}"
P4;2;1;U,F,2.4360074550000377,7.713338924000027,"['1191472116253970683467605144511349826381/2041678624605343935340656922302772936704', '1211294471862667802600735261511839409337/2041678624605343935340656922302772936704']","['148870247046457281665726881290411510427/255209828075667991917582115287846617088', '75673999177802186432021425008554138647/127604914037833995958791057643923308544']",236196,13122,588962,42,49412,"{'bellman_queries': 118098, 'corner_terms': 0, 'exact_selector_fallbacks': 0, 'innovation_midpoints': 236196, 'maximum_coefficient_bits': 42, 'multilinear_cells': 1299078, 'nearest_cell_vertices': 1062882, 'original_witness_indices': 0, 'pilot_bellman_queries': 0, 'point_values': 1299078, 'stage_cost_evaluations': 118098, 'stored_actor_scalars': 13122, 'stored_critic_labels': 19683, 'terminal_cost_evaluations': 6561, 'transform_relaxations': 0}"
A2;2;1;U,A,1.0708647099999666,3.7972458020000204,"['610180893719683560065243534833629868123/1020839312302671967670328461151386468352', '156007216930842344494839724408679574671/255209828075667991917582115287846617088']","['608262738704874275998446588656650264411/1020839312302671967670328461151386468352', '622149888700427620604279598302006501603/1020839312302671967670328461151386468352']",4472,578,40405,42,42888,"{'bellman_queries': 4472, 'corner_terms': 0, 'exact_selector_fallbacks': 0, 'innovation_midpoints': 4472, 'inserted_knots': 72, 'maximum_coefficient_bits': 42, 'multilinear_cells': 9674, 'nearest_cell_vertices': 5202, 'pilot_bellman_queries': 3316, 'point_values': 9674, 'stage_cost_evaluations': 4472, 'stored_actor_scalars': 578, 'stored_critic_labels': 867, 'surplus_comparisons': 16226, 'terminal_cost_evaluations': 1118, 'transform_relaxations': 0}"
A2;2;1;U,F,0.024268653000035556,3.7972458020000204,"['305115928336085400460563675875838958475/510419656151335983835164230575693234176', '624082454968198678265461365123353150891/1020839312302671967670328461151386468352']","['608268322814507628425071555043868598525/1020839312302671967670328461151386468352', '622158651341302813955009102729979696521/1020839312302671967670328461151386468352']",1156,578,26736,42,43024,"{'bellman_queries': 1156, 'corner_terms': 0, 'exact_selector_fallbacks': 0, 'innovation_midpoints': 1156, 'maximum_coefficient_bits': 42, 'multilinear_cells': 6358, 'nearest_cell_vertices': 5202, 'original_witness_indices': 0, 'pilot_bellman_queries': 0, 'point_values': 6358, 'stage_cost_evaluations': 1156, 'stored_actor_scalars': 578, 'stored_critic_labels': 867, 'terminal_cost_evaluations': 289, 'transform_relaxations': 0}"
