iteration,K,consumption_share,portfolio_share,critic_loss
0.000000000000000000e+00,8.824980567020230815e-01,2.450420578364118779e-02,1.856435948910492018e-01,6.834579362282784849e-03
4.000000000000000000e+01,1.760302110282723476e+01,1.890323262001400439e-02,3.047262611191021708e-01,4.819778627413442637e-03
8.000000000000000000e+01,3.615367365240867912e+02,1.650847766991487761e-02,3.014655427346158434e-01,3.328758223708570569e-03
1.200000000000000000e+02,7.542496593382710671e+03,1.767440289344376914e-02,3.001689863828831961e-01,1.853325987728573262e-03
1.600000000000000000e+02,1.204151593170558626e+05,2.299182127948365059e-02,3.000030965203260291e-01,5.639082657878878016e-04
2.000000000000000000e+02,6.866306757554364158e+05,3.194755103280452063e-02,2.999968554182162461e-01,4.079592615341773597e-05
2.400000000000000000e+02,1.076049210672067013e+06,4.050083726477229917e-02,2.999999490431854987e-01,1.657223510873070303e-07
2.800000000000000000e+02,1.097634675299616763e+06,4.451449524878298147e-02,3.000000450031249377e-01,4.285840480398791452e-10
3.200000000000000000e+02,1.095083756322587840e+06,4.541442587926068641e-02,2.999999935973329257e-01,3.936821107891706143e-12
3.600000000000000000e+02,1.094896209410797339e+06,4.550436848667640394e-02,3.000000007674729074e-01,2.053487814709271392e-15
4.000000000000000000e+02,1.094892033305600751e+06,4.550167637317709124e-02,2.999999999030852904e-01,2.297045870491736126e-19
4.400000000000000000e+02,1.094891987083280226e+06,4.550003240888256945e-02,3.000000000115563004e-01,6.733217865922986689e-24
4.800000000000000000e+02,1.094891986845502164e+06,4.549997642404776665e-02,2.999999999992067345e-01,1.835534616888098075e-30
5.200000000000000000e+02,1.094891986844961531e+06,4.549999955256323059e-02,2.999999999999226064e-01,1.830837153383116083e-32
5.600000000000000000e+02,1.094891986844961531e+06,4.550000035228270179e-02,3.000000000000221934e-01,1.310836068398562402e-32
6.000000000000000000e+02,1.094891986844961531e+06,4.549999998874734025e-02,3.000000000000002109e-01,1.232595164407830946e-32
6.400000000000000000e+02,1.094891986844961531e+06,4.549999999577247073e-02,2.999999999999996003e-01,1.878082622331365462e-32
6.800000000000000000e+02,1.094891986844961531e+06,4.550000000054782445e-02,2.999999999999999334e-01,1.830837153383116083e-32
7.200000000000000000e+02,1.094891986844961531e+06,4.549999999999968653e-02,2.999999999999999334e-01,2.023430147821839668e-32
7.600000000000000000e+02,1.094891986844961531e+06,4.549999999999242151e-02,2.999999999999999334e-01,1.647873808666328677e-32
8.000000000000000000e+02,1.094891986844961531e+06,4.550000000000115064e-02,2.999999999999999334e-01,1.012316927018540845e-32
8.400000000000000000e+02,1.094891986844961531e+06,4.549999999999999878e-02,2.999999999999999334e-01,1.310836068398562402e-32
8.800000000000000000e+02,1.094891986844961531e+06,4.550000000000001266e-02,2.999999999999999334e-01,1.310836068398562402e-32
9.200000000000000000e+02,1.094891986844961531e+06,4.550000000000001266e-02,2.999999999999999334e-01,1.310836068398562402e-32
9.600000000000000000e+02,1.094891986844961531e+06,4.550000000000002653e-02,2.999999999999999334e-01,1.012316927018540845e-32
1.000000000000000000e+03,1.094891986844961531e+06,4.550000000000002653e-02,2.999999999999999334e-01,1.012316927018540845e-32
1.040000000000000000e+03,1.094891986844961531e+06,4.550000000000002653e-02,2.999999999999999334e-01,1.012316927018540845e-32
1.080000000000000000e+03,1.094891986844961531e+06,4.550000000000002653e-02,2.999999999999999334e-01,1.012316927018540845e-32
1.120000000000000000e+03,1.094891986844961531e+06,4.550000000000002653e-02,2.999999999999999334e-01,1.012316927018540845e-32
1.160000000000000000e+03,1.094891986844961531e+06,4.550000000000002653e-02,2.999999999999999334e-01,1.012316927018540845e-32
1.200000000000000000e+03,1.094891986844957573e+06,4.550000000000002653e-02,2.999999999999999334e-01,5.308344409217318820e-33
1.240000000000000000e+03,1.094891986844957573e+06,4.550000000000002653e-02,2.999999999999999334e-01,5.308344409217318820e-33
1.280000000000000000e+03,1.094891986844957573e+06,4.550000000000002653e-02,2.999999999999999334e-01,5.308344409217318820e-33
1.320000000000000000e+03,1.094891986844957573e+06,4.550000000000002653e-02,2.999999999999999334e-01,5.308344409217318820e-33
1.360000000000000000e+03,1.094891986844957573e+06,4.550000000000002653e-02,2.999999999999999334e-01,5.308344409217318820e-33
1.400000000000000000e+03,1.094891986844957573e+06,4.550000000000002653e-02,2.999999999999999334e-01,5.308344409217318820e-33
1.440000000000000000e+03,1.094891986844955711e+06,4.550000000000002653e-02,2.999999999999999334e-01,2.034263503759017870e-33
1.480000000000000000e+03,1.094891986844955711e+06,4.550000000000002653e-02,2.999999999999999334e-01,2.034263503759017870e-33
1.520000000000000000e+03,1.094891986844955711e+06,4.550000000000002653e-02,2.999999999999999334e-01,2.034263503759017870e-33
1.560000000000000000e+03,1.094891986844955711e+06,4.550000000000002653e-02,2.999999999999999334e-01,2.034263503759017870e-33
1.599000000000000000e+03,1.094891986844955711e+06,4.550000000000002653e-02,2.999999999999999334e-01,2.034263503759017870e-33
