T,p,target,law,first,second,lo,hi,width,max_abs,sign,within_margin,first_noninferior_at_margin
2,1,1/4,1/2,cone-nearest,spline-nearest,-2262372384532045545018746687979686553/10888952664561834321816836918948122329088,2732300205049475261592219029603766105/21777905329123668643633673837896244658176,7257044974113566351629712405563139211/21777905329123668643633673837896244658176,2262372384532045545018746687979686553/10888952664561834321816836918948122329088,unresolved,True,True
2,1,1/4,1/2,cone-witness,cone-nearest,-60273975962048532110607391592115898467/696892970531957396596277562812679829061632,28746573699221217864538524632186701837/348446485265978698298138781406339914530816,117767123360490967839684440856489302141/696892970531957396596277562812679829061632,60273975962048532110607391592115898467/696892970531957396596277562812679829061632,unresolved,True,True
2,1,1/4,1/2,cone-witness,spline-nearest,-2151058729270304104814124171398042093/10888952664561834321816836918948122329088,2422772001913295459065491555116270121/21777905329123668643633673837896244658176,6724889460453903668693739897912354307/21777905329123668643633673837896244658176,2151058729270304104814124171398042093/10888952664561834321816836918948122329088,unresolved,True,True
2,1,1/4,1/8,cone-nearest,spline-nearest,-27461717290044811792476647253931927181/174223242632989349149069390703169957265408,59603898741296614774732051170960850003/348446485265978698298138781406339914530816,114527333321386238359685345678824704365/348446485265978698298138781406339914530816,59603898741296614774732051170960850003/348446485265978698298138781406339914530816,unresolved,True,True
2,1,1/4,1/8,cone-witness,cone-nearest,-31980771761875806450676219117000142381/348446485265978698298138781406339914530816,30761413509479612128513703963487692333/348446485265978698298138781406339914530816,31371092635677709289594961540243917357/174223242632989349149069390703169957265408,31980771761875806450676219117000142381/348446485265978698298138781406339914530816,unresolved,True,True
2,1,1/4,1/8,cone-witness,spline-nearest,-12820751492862411887521488560112116875/87111621316494674574534695351584978632704,13686027970065103947143454587839434305/87111621316494674574534695351584978632704,6626694865731878958666235786987887795/21777905329123668643633673837896244658176,13686027970065103947143454587839434305/87111621316494674574534695351584978632704,unresolved,True,True
2,1,1/4,7/8,cone-nearest,spline-nearest,-919509732371386707400451696761607985/5620104601064172553195786796876450234368,955664709419674790799431714249877415/5620104601064172553195786796876450234368,234396805223882687274985426376435675/702513075133021569149473349609556279296,955664709419674790799431714249877415/5620104601064172553195786796876450234368,unresolved,True,True
2,1,1/4,7/8,cone-witness,cone-nearest,-54682702407771345638445673098339698773/696892970531957396596277562812679829061632,25018393414575562089593434276927559313/348446485265978698298138781406339914530816,104719489236922469817632541652194817399/696892970531957396596277562812679829061632,54682702407771345638445673098339698773/696892970531957396596277562812679829061632,unresolved,True,True
2,1,1/4,7/8,cone-witness,spline-nearest,-6794305537091799156395295459998613/43907067195813848071842084350597267456,6946872197425087255203321200867933021/44960836808513380425566294375011601874944,13904241067407089591352103751906512733/44960836808513380425566294375011601874944,6794305537091799156395295459998613/43907067195813848071842084350597267456,unresolved,True,True
2,1,1/4,uniform,cone-nearest,spline-nearest,-32370144346479815417378393438682220285/174223242632989349149069390703169957265408,27415899883383864646555283237319667429/174223242632989349149069390703169957265408,29893022114931840031966838338000943857/87111621316494674574534695351584978632704,32370144346479815417378393438682220285/174223242632989349149069390703169957265408,unresolved,True,True
2,1,1/4,uniform,cone-witness,cone-nearest,-15513092085071771770973753777002828117/174223242632989349149069390703169957265408,9127653315983185731774947228630100015/87111621316494674574534695351584978632704,33768398717038143234523648234263028147/174223242632989349149069390703169957265408,9127653315983185731774947228630100015/87111621316494674574534695351584978632704,unresolved,True,True
2,1,1/4,uniform,cone-witness,spline-nearest,-450788787778247831194176441466596143/2722238166140458580454209229737030582272,26638452501614821419779369605909225649/174223242632989349149069390703169957265408,55488934919422682616206661859771378801/174223242632989349149069390703169957265408,450788787778247831194176441466596143/2722238166140458580454209229737030582272,unresolved,True,True
2,1,1/8,1/2,cone-nearest,spline-nearest,-27035012553755390895555727352208028645/348446485265978698298138781406339914530816,15547555283100953164255932118697118087/174223242632989349149069390703169957265408,58130123119957297224067591589602264819/348446485265978698298138781406339914530816,15547555283100953164255932118697118087/174223242632989349149069390703169957265408,unresolved,True,True
2,1,1/8,1/2,cone-witness,cone-nearest,-30843856993247521956028861278472671475/696892970531957396596277562812679829061632,13660871753130329978303117902389053307/348446485265978698298138781406339914530816,58165600499508181912635097083250778089/696892970531957396596277562812679829061632,30843856993247521956028861278472671475/696892970531957396596277562812679829061632,unresolved,True,True
2,1,1/8,1/2,cone-witness,spline-nearest,-4834321729007843118663005459149376435/65333715987371005930901021513688733974528,10530783933873182937663702759321482215/130667431974742011861802043027377467949056,20199427391888869174989713677620235085/130667431974742011861802043027377467949056,10530783933873182937663702759321482215/130667431974742011861802043027377467949056,unresolved,True,True
2,1,1/8,1/8,cone-nearest,spline-nearest,-123549926009048824204939573112288813/1361119083070229290227104614868515291136,6406939191114936819593378590738354127/87111621316494674574534695351584978632704,14314134455694061568709511269924838159/87111621316494674574534695351584978632704,123549926009048824204939573112288813/1361119083070229290227104614868515291136,unresolved,True,True
2,1,1/8,1/8,cone-witness,cone-nearest,-15466038136161025998672917503290777903/348446485265978698298138781406339914530816,1035877732483531990609775943293465909/21777905329123668643633673837896244658176,32040081855897537848429332595986232447/348446485265978698298138781406339914530816,1035877732483531990609775943293465909/21777905329123668643633673837896244658176,unresolved,True,True
2,1,1/8,1/8,cone-witness,spline-nearest,-21688062827349475536612403257765596813/261334863949484023723604086054754935898112,72073195178554363093019413451708566199/1045339455797936094894416344219019743592448,158825446487952265239469026482770953451/1045339455797936094894416344219019743592448,21688062827349475536612403257765596813/261334863949484023723604086054754935898112,unresolved,True,True
2,1,1/8,7/8,cone-nearest,spline-nearest,-58533273346045963554631489406816117361/696892970531957396596277562812679829061632,57788371146288312217393620168071609955/696892970531957396596277562812679829061632,29080411123083568943006277393721931829/174223242632989349149069390703169957265408,58533273346045963554631489406816117361/696892970531957396596277562812679829061632,unresolved,True,True
2,1,1/8,7/8,cone-witness,cone-nearest,-13464292321104869106219232254984322497/348446485265978698298138781406339914530816,25409381223262705548599399384871295179/696892970531957396596277562812679829061632,52337965865472443761037863894839940173/696892970531957396596277562812679829061632,13464292321104869106219232254984322497/348446485265978698298138781406339914530816,unresolved,True,True
2,1,1/8,7/8,cone-witness,spline-nearest,-82516642564895798543988771873070975241/1045339455797936094894416344219019743592448,158240968273679471795571974247938037571/2090678911595872189788832688438039487184896,323274253403471068883549517994079988053/2090678911595872189788832688438039487184896,82516642564895798543988771873070975241/1045339455797936094894416344219019743592448,unresolved,True,True
2,1,1/8,uniform,cone-nearest,spline-nearest,-88801282241769443439742305828041938051/1045339455797936094894416344219019743592448,90923700855476635665693682407740743009/1045339455797936094894416344219019743592448,44931245774311519776358997058945670265/261334863949484023723604086054754935898112,90923700855476635665693682407740743009/1045339455797936094894416344219019743592448,unresolved,True,True
2,1,1/8,uniform,cone-witness,cone-nearest,-36085082261128461030752657774081148291/696892970531957396596277562812679829061632,31493304944537646738953704835853690517/696892970531957396596277562812679829061632,8447298400708263471213295326241854851/87111621316494674574534695351584978632704,36085082261128461030752657774081148291/696892970531957396596277562812679829061632,unresolved,True,True
2,1,1/8,uniform,cone-witness,spline-nearest,-85798818958349050760062350301598329231/1045339455797936094894416344219019743592448,81033571597158362999861321957749017019/1045339455797936094894416344219019743592448,83416195277753706879961836129673673125/522669727898968047447208172109509871796224,85798818958349050760062350301598329231/1045339455797936094894416344219019743592448,unresolved,True,True
2,1,1/16,1/2,cone-nearest,spline-nearest,-6807689782238050788990656911200108447/174223242632989349149069390703169957265408,15433525430706174119972497036159196681/348446485265978698298138781406339914530816,29048904995182275697953810858559413575/348446485265978698298138781406339914530816,15433525430706174119972497036159196681/348446485265978698298138781406339914530816,unresolved,True,True
2,1,1/16,1/2,cone-witness,cone-nearest,-171124500168160575289941076679039602613/8362715646383488759155330753752157948739584,22268249480655226854948438256966822687/1045339455797936094894416344219019743592448,349270496013402390129528582734774184109/8362715646383488759155330753752157948739584,22268249480655226854948438256966822687/1045339455797936094894416344219019743592448,unresolved,True,True
2,1,1/16,1/2,cone-witness,spline-nearest,-37166828904939454332986591377091584823/1045339455797936094894416344219019743592448,10874738365816250084407627329563743427/261334863949484023723604086054754935898112,80665782368204454670617100695346558531/1045339455797936094894416344219019743592448,10874738365816250084407627329563743427/261334863949484023723604086054754935898112,unresolved,True,True
2,1,1/16,1/8,cone-nearest,spline-nearest,-28436450191060171862092934062825327617/696892970531957396596277562812679829061632,28810708740667673330941644315403748647/696892970531957396596277562812679829061632,7155894866465980649129322297278634533/87111621316494674574534695351584978632704,28810708740667673330941644315403748647/696892970531957396596277562812679829061632,unresolved,True,True
2,1,1/16,1/8,cone-witness,cone-nearest,-767943192937152132509207246977559444801/33450862585533955036621323015008631794958336,755302936165498018545072979858211354465/33450862585533955036621323015008631794958336,761623064551325075527140113417885399633/16725431292766977518310661507504315897479168,767943192937152132509207246977559444801/33450862585533955036621323015008631794958336,unresolved,True,True
2,1,1/16,1/8,cone-witness,spline-nearest,-19813489387103963194925096798877704341/522669727898968047447208172109509871796224,19896679287252753198901348404113639113/522669727898968047447208172109509871796224,19855084337178358196913222601495671727/261334863949484023723604086054754935898112,19896679287252753198901348404113639113/522669727898968047447208172109509871796224,unresolved,True,True
2,1,1/16,7/8,cone-nearest,spline-nearest,-15989847323041710017855849483968349829/348446485265978698298138781406339914530816,3277891482872160995566029225012724753/87111621316494674574534695351584978632704,29101413254530354000119966384019248841/348446485265978698298138781406339914530816,15989847323041710017855849483968349829/348446485265978698298138781406339914530816,unresolved,True,True
2,1,1/16,7/8,cone-witness,cone-nearest,-1259742166771677166269197872548662467831/66901725171067910073242646030017263589916672,1256118308511443912430189733544771263495/66901725171067910073242646030017263589916672,1257930237641560539349693803046716865663/33450862585533955036621323015008631794958336,1259742166771677166269197872548662467831/66901725171067910073242646030017263589916672,unresolved,True,True
2,1,1/16,7/8,cone-witness,spline-nearest,-44766058592303210763350170845053888903/1045339455797936094894416344219019743592448,18037295816163900054026890635708732781/522669727898968047447208172109509871796224,80840650224631010871403952116471354465/1045339455797936094894416344219019743592448,44766058592303210763350170845053888903/1045339455797936094894416344219019743592448,unresolved,True,True
2,1,1/16,uniform,cone-nearest,spline-nearest,-359910391033790948117005782866898309137/8362715646383488759155330753752157948739584,178884364987425988836705029737075721317/4181357823191744379577665376876078974369792,717679121008642925790415842341049751771/8362715646383488759155330753752157948739584,359910391033790948117005782866898309137/8362715646383488759155330753752157948739584,unresolved,True,True
2,1,1/16,uniform,cone-witness,cone-nearest,-58367798827753152648319722142872618551/2090678911595872189788832688438039487184896,43132972805595397578722736145699991681/2090678911595872189788832688438039487184896,12687596454168568778380307286071576279/261334863949484023723604086054754935898112,58367798827753152648319722142872618551/2090678911595872189788832688438039487184896,unresolved,True,True
2,1,1/16,uniform,cone-witness,spline-nearest,-45593551848401971741876267474056017405/1045339455797936094894416344219019743592448,75416862409904647639636012762161990265/2090678911595872189788832688438039487184896,166603966106708591123388547710274025075/2090678911595872189788832688438039487184896,45593551848401971741876267474056017405/1045339455797936094894416344219019743592448,unresolved,True,True
2,4,1/4,1/2,cone-nearest,spline-nearest,-41509129414391555572856270044174018267/261334863949484023723604086054754935898112,45535833266621298909005759720248425607/261334863949484023723604086054754935898112,43522481340506427240931014882211221937/130667431974742011861802043027377467949056,45535833266621298909005759720248425607/261334863949484023723604086054754935898112,unresolved,True,True
2,4,1/4,1/2,cone-witness,cone-nearest,-20453215324271997411778023842143389061/261334863949484023723604086054754935898112,12611494724111095701897189302644037195/130667431974742011861802043027377467949056,45676204772494188815572402447431463451/261334863949484023723604086054754935898112,12611494724111095701897189302644037195/130667431974742011861802043027377467949056,unresolved,True,True
2,4,1/4,1/2,cone-witness,spline-nearest,-35712305718385260837334957104770110511/261334863949484023723604086054754935898112,22254391847282619447800483663835777211/130667431974742011861802043027377467949056,80221089412950499732935924432441664933/261334863949484023723604086054754935898112,22254391847282619447800483663835777211/130667431974742011861802043027377467949056,unresolved,True,True
2,4,1/4,1/8,cone-nearest,spline-nearest,-6265912286711795863273534326554540669/32666857993685502965450510756844366987264,8515354068142414078236422007065794369/65333715987371005930901021513688733974528,21047178641566005804783490660174875707/65333715987371005930901021513688733974528,6265912286711795863273534326554540669/32666857993685502965450510756844366987264,unresolved,True,True
2,4,1/4,1/8,cone-witness,cone-nearest,-48226273486766345815658478493933636319/522669727898968047447208172109509871796224,24903274666708049971922133426716788669/261334863949484023723604086054754935898112,98032822820182445759502745347367213657/522669727898968047447208172109509871796224,24903274666708049971922133426716788669/261334863949484023723604086054754935898112,unresolved,True,True
2,4,1/4,1/8,cone-witness,spline-nearest,-46345584182321025663635135285755153985/261334863949484023723604086054754935898112,15534920042260542276947393802433317919/130667431974742011861802043027377467949056,77415424266842110217529922890621789823/261334863949484023723604086054754935898112,46345584182321025663635135285755153985/261334863949484023723604086054754935898112,unresolved,True,True
2,4,1/4,7/8,cone-nearest,spline-nearest,-24680189867918287491388583562007622549/130667431974742011861802043027377467949056,38894837503596935015871894420497187019/261334863949484023723604086054754935898112,88255217239433509998649061544512432117/261334863949484023723604086054754935898112,24680189867918287491388583562007622549/130667431974742011861802043027377467949056,unresolved,True,True
2,4,1/4,7/8,cone-witness,cone-nearest,-164099050010255349140606294385121517051/2090678911595872189788832688438039487184896,21051246340437033854984763800521604107/261334863949484023723604086054754935898112,332509020733751619980484404789294349907/2090678911595872189788832688438039487184896,21051246340437033854984763800521604107/261334863949484023723604086054754935898112,unresolved,True,True
2,4,1/4,7/8,cone-witness,spline-nearest,-45710363257659303644386482269337181565/261334863949484023723604086054754935898112,2236480382160945048702275944784745407/16333428996842751482725255378422183493632,81494049372234424423622897385893108077/261334863949484023723604086054754935898112,45710363257659303644386482269337181565/261334863949484023723604086054754935898112,unresolved,True,True
2,4,1/4,uniform,cone-nearest,spline-nearest,-81972893102567989898054927725117982455/522669727898968047447208172109509871796224,97446722949970176967112930549562042673/522669727898968047447208172109509871796224,22427452006567270858145982284335003141/65333715987371005930901021513688733974528,97446722949970176967112930549562042673/522669727898968047447208172109509871796224,unresolved,True,True
2,4,1/4,uniform,cone-witness,cone-nearest,-30348167657854228666531160941616578087/261334863949484023723604086054754935898112,54811147035873314847495876885726912509/522669727898968047447208172109509871796224,115507482351581772180558198768960068683/522669727898968047447208172109509871796224,30348167657854228666531160941616578087/261334863949484023723604086054754935898112,unresolved,True,True
2,4,1/4,uniform,cone-witness,spline-nearest,-26060168470144605200403285865805879453/174223242632989349149069390703169957265408,29256382325998586984416017110823841473/174223242632989349149069390703169957265408,27658275398071596092409651488314860463/87111621316494674574534695351584978632704,29256382325998586984416017110823841473/174223242632989349149069390703169957265408,unresolved,True,True
2,4,1/8,1/2,cone-nearest,spline-nearest,-6820427382550066419945804800396873497/87111621316494674574534695351584978632704,15396807530970891677981442999577438765/174223242632989349149069390703169957265408,29037662296071024517873052600371185759/174223242632989349149069390703169957265408,15396807530970891677981442999577438765/174223242632989349149069390703169957265408,unresolved,True,True
2,4,1/8,1/2,cone-witness,cone-nearest,-187597586586635741795502561314083145695/4181357823191744379577665376876078974369792,174338999779330798512518617710075437827/4181357823191744379577665376876078974369792,180968293182983270154010589512079291761/2090678911595872189788832688438039487184896,187597586586635741795502561314083145695/4181357823191744379577665376876078974369792,unresolved,True,True
2,4,1/8,1/2,cone-witness,spline-nearest,-76729484991167801372089739328923960269/1045339455797936094894416344219019743592448,83950554884565901647827523016229052313/1045339455797936094894416344219019743592448,80340019937866851509958631172576506291/522669727898968047447208172109509871796224,83950554884565901647827523016229052313/1045339455797936094894416344219019743592448,unresolved,True,True
2,4,1/8,1/8,cone-nearest,spline-nearest,-113408756861575893276691495043864790273/1393785941063914793192555125625359658123264,111416362607802666846652918760864832109/1393785941063914793192555125625359658123264,112412559734689280061672206902364811191/696892970531957396596277562812679829061632,113408756861575893276691495043864790273/1393785941063914793192555125625359658123264,unresolved,True,True
2,4,1/8,1/8,cone-witness,cone-nearest,-191132015018376492313926862306888223389/4181357823191744379577665376876078974369792,205007084881811927457699709294720916305/4181357823191744379577665376876078974369792,198069549950094209885813285800804569847/2090678911595872189788832688438039487184896,205007084881811927457699709294720916305/4181357823191744379577665376876078974369792,unresolved,True,True
2,4,1/8,1/8,cone-witness,spline-nearest,-612084658153397356054749918660171773279/8362715646383488759155330753752157948739584,627880432357622173858645604402216206007/8362715646383488759155330753752157948739584,619982545255509764956697761531193989643/4181357823191744379577665376876078974369792,627880432357622173858645604402216206007/8362715646383488759155330753752157948739584,unresolved,True,True
2,4,1/8,7/8,cone-nearest,spline-nearest,-15647299276720850450067885653247567829/174223242632989349149069390703169957265408,1725220310366246898756163664866654065/21777905329123668643633673837896244658176,29449061759650825640117194972180800349/174223242632989349149069390703169957265408,15647299276720850450067885653247567829/174223242632989349149069390703169957265408,unresolved,True,True
2,4,1/8,7/8,cone-witness,cone-nearest,-160692381571874522804163351077521273363/4181357823191744379577665376876078974369792,42600916560209785232082105755198137459/1045339455797936094894416344219019743592448,331096047812713663732491774098313823199/4181357823191744379577665376876078974369792,42600916560209785232082105755198137459/1045339455797936094894416344219019743592448,unresolved,True,True
2,4,1/8,7/8,cone-witness,spline-nearest,-42923341346679185425627985419695990371/522669727898968047447208172109509871796224,38600641548927318093630856137618440153/522669727898968047447208172109509871796224,20380995723901625879814710389328607631/130667431974742011861802043027377467949056,42923341346679185425627985419695990371/522669727898968047447208172109509871796224,unresolved,True,True
2,4,1/8,uniform,cone-nearest,spline-nearest,-82740913069092542254960882875874363273/1045339455797936094894416344219019743592448,12085596646355055658326470992920364067/130667431974742011861802043027377467949056,179425686239932987521572650819237275809/1045339455797936094894416344219019743592448,12085596646355055658326470992920364067/130667431974742011861802043027377467949056,unresolved,True,True
2,4,1/8,uniform,cone-witness,cone-nearest,-34313924786773501641664105483328719121/522669727898968047447208172109509871796224,5908642178582342412760038662901888611/130667431974742011861802043027377467949056,57948493501102871292704260134936273565/522669727898968047447208172109509871796224,34313924786773501641664105483328719121/522669727898968047447208172109509871796224,unresolved,True,True
2,4,1/8,uniform,cone-witness,spline-nearest,-86650360037181079438175730006912460811/1045339455797936094894416344219019743592448,158471015988213711479193649833281919943/2090678911595872189788832688438039487184896,331771736062575870355545109847106841565/2090678911595872189788832688438039487184896,86650360037181079438175730006912460811/1045339455797936094894416344219019743592448,unresolved,True,True
2,4,1/16,1/2,cone-nearest,spline-nearest,-26886785333017864458957814359963480755/696892970531957396596277562812679829061632,31300044853285072392840828488684986765/696892970531957396596277562812679829061632,909169221660983388309353794510132305/10888952664561834321816836918948122329088,31300044853285072392840828488684986765/696892970531957396596277562812679829061632,unresolved,True,True
2,4,1/16,1/2,cone-witness,cone-nearest,-358422142535507469071187519573985208167/16725431292766977518310661507504315897479168,370719091118540276273174014303603378819/16725431292766977518310661507504315897479168,364570616827023872672180766938794293493/8362715646383488759155330753752157948739584,370719091118540276273174014303603378819/16725431292766977518310661507504315897479168,unresolved,True,True
2,4,1/16,1/2,cone-witness,spline-nearest,-36535740027753369610084620855766048787/1045339455797936094894416344219019743592448,1372630893581073790167272104175886919/32666857993685502965450510756844366987264,80459928622347730895437328189394430195/1045339455797936094894416344219019743592448,1372630893581073790167272104175886919/32666857993685502965450510756844366987264,unresolved,True,True
2,4,1/16,1/8,cone-nearest,spline-nearest,-26461575796852583382474759261223625055/696892970531957396596277562812679829061632,29690035406318563609526081724985220023/696892970531957396596277562812679829061632,28075805601585573496000420493104422539/348446485265978698298138781406339914530816,29690035406318563609526081724985220023/696892970531957396596277562812679829061632,unresolved,True,True
2,4,1/16,1/8,cone-witness,cone-nearest,-388233371014012721156175543175152510523/16725431292766977518310661507504315897479168,402331821318379147477808208513743107339/16725431292766977518310661507504315897479168,395282596166195934316991875844447808931/8362715646383488759155330753752157948739584,402331821318379147477808208513743107339/16725431292766977518310661507504315897479168,unresolved,True,True
2,4,1/16,1/8,cone-witness,spline-nearest,-35844152732660741443794637369863209489/1045339455797936094894416344219019743592448,41567995290882352225570425558161131277/1045339455797936094894416344219019743592448,38706074011771546834682531464012170383/522669727898968047447208172109509871796224,41567995290882352225570425558161131277/1045339455797936094894416344219019743592448,unresolved,True,True
2,4,1/16,7/8,cone-nearest,spline-nearest,-7851888992496402777139440712877123131/174223242632989349149069390703169957265408,13734163464166758775777198857869987255/348446485265978698298138781406339914530816,29437941449159564330056080283624233517/348446485265978698298138781406339914530816,7851888992496402777139440712877123131/174223242632989349149069390703169957265408,unresolved,True,True
2,4,1/16,7/8,cone-witness,cone-nearest,-668744945567380020731277744107017393061/33450862585533955036621323015008631794958336,654708618887726360202150114898972701293/33450862585533955036621323015008631794958336,661726782227553190466713929502995047177/16725431292766977518310661507504315897479168,668744945567380020731277744107017393061/33450862585533955036621323015008631794958336,unresolved,True,True
2,4,1/16,7/8,cone-witness,spline-nearest,-43931705976489637302544997038653989075/1045339455797936094894416344219019743592448,9396056801318058159651224626548148505/261334863949484023723604086054754935898112,81515933181761869941149895544846583095/1045339455797936094894416344219019743592448,43931705976489637302544997038653989075/1045339455797936094894416344219019743592448,unresolved,True,True
2,4,1/16,uniform,cone-nearest,spline-nearest,-42150581108063808127462729318376187059/1045339455797936094894416344219019743592448,95486247228299307077820087338293993243/2090678911595872189788832688438039487184896,179787409444426923332745545975046367361/2090678911595872189788832688438039487184896,95486247228299307077820087338293993243/2090678911595872189788832688438039487184896,unresolved,True,True
2,4,1/16,uniform,cone-witness,cone-nearest,-16624674172087793192278837817468319665/522669727898968047447208172109509871796224,12323734277612943013707478600677459785/522669727898968047447208172109509871796224,14474204224850368102993158209072889725/261334863949484023723604086054754935898112,16624674172087793192278837817468319665/522669727898968047447208172109509871796224,unresolved,True,True
2,4,1/16,uniform,cone-witness,spline-nearest,-86162185498722598436149329855466425107/2090678911595872189788832688438039487184896,156530294791378535163766938623308255/4083357249210687870681313844605545873408,166305696431908408439998002430600251667/2090678911595872189788832688438039487184896,86162185498722598436149329855466425107/2090678911595872189788832688438039487184896,unresolved,True,True
4,1,1/4,1/2,cone-nearest,spline-nearest,-10517002957584966538824164699350790125/65333715987371005930901021513688733974528,8317370782646805454703126902349051011/65333715987371005930901021513688733974528,1177148358764485749595455725106240071/4083357249210687870681313844605545873408,10517002957584966538824164699350790125/65333715987371005930901021513688733974528,unresolved,True,True
4,1,1/4,1/2,cone-witness,cone-nearest,-27036823635600506608946926906522407703/348446485265978698298138781406339914530816,57505333868477495331312845678079169603/696892970531957396596277562812679829061632,111578981139678508549206699491123985009/696892970531957396596277562812679829061632,57505333868477495331312845678079169603/696892970531957396596277562812679829061632,unresolved,True,True
4,1,1/4,1/2,cone-witness,spline-nearest,-12808976413205754878821043816099133535/87111621316494674574534695351584978632704,2576273584486973808682554735384464423/21777905329123668643633673837896244658176,23114070751153650113551262757636991227/87111621316494674574534695351584978632704,12808976413205754878821043816099133535/87111621316494674574534695351584978632704,unresolved,True,True
4,1,1/4,1/8,cone-nearest,spline-nearest,-17288885455689934346285128032936414107/130667431974742011861802043027377467949056,40420040203785558801818025159391148839/261334863949484023723604086054754935898112,74997811115165427494388281225263977053/261334863949484023723604086054754935898112,40420040203785558801818025159391148839/261334863949484023723604086054754935898112,unresolved,True,True
4,1,1/4,1/8,cone-witness,cone-nearest,-3516008098486128926315411245616922537/43555810658247337287267347675792489316352,16307952169020504169637454910086147507/174223242632989349149069390703169957265408,30371984562965019874899099892553837655/174223242632989349149069390703169957265408,16307952169020504169637454910086147507/174223242632989349149069390703169957265408,unresolved,True,True
4,1,1/4,1/8,cone-witness,spline-nearest,-2490836031851809147579177490769044155/21777905329123668643633673837896244658176,13032727112413925974788103337871003693/87111621316494674574534695351584978632704,22996071239821162565104813300947180313/87111621316494674574534695351584978632704,13032727112413925974788103337871003693/87111621316494674574534695351584978632704,unresolved,True,True
4,1,1/4,7/8,cone-nearest,spline-nearest,-21161767806747357871308309260578252175/130667431974742011861802043027377467949056,4122595634611461318455776423514860205/32666857993685502965450510756844366987264,37652150345193203145131414954637692995/130667431974742011861802043027377467949056,21161767806747357871308309260578252175/130667431974742011861802043027377467949056,unresolved,True,True
4,1,1/4,7/8,cone-witness,cone-nearest,-54575234807143478591941377014749121775/696892970531957396596277562812679829061632,25274013846559010046992714890164631431/348446485265978698298138781406339914530816,105123262500261498685926806795078384637/696892970531957396596277562812679829061632,54575234807143478591941377014749121775/696892970531957396596277562812679829061632,unresolved,True,True
4,1,1/4,7/8,cone-witness,spline-nearest,-6683733322659247083522282956436464573/43555810658247337287267347675792489316352,9749808910530983441590878688780123993/87111621316494674574534695351584978632704,23117275555849477608635444601653053139/87111621316494674574534695351584978632704,6683733322659247083522282956436464573/43555810658247337287267347675792489316352,unresolved,True,True
4,1,1/4,uniform,cone-nearest,spline-nearest,-21003039790656123547821331398552866575/130667431974742011861802043027377467949056,34756858630850733592997284615834134833/261334863949484023723604086054754935898112,76762938212162980688639947412939867983/261334863949484023723604086054754935898112,21003039790656123547821331398552866575/130667431974742011861802043027377467949056,unresolved,True,True
4,1,1/4,uniform,cone-witness,cone-nearest,-31959969300923883034000879408599124543/348446485265978698298138781406339914530816,7272958633305045491808916101295910013/87111621316494674574534695351584978632704,61051803834144065001236543813782764595/348446485265978698298138781406339914530816,31959969300923883034000879408599124543/348446485265978698298138781406339914530816,unresolved,True,True
4,1,1/4,uniform,cone-witness,spline-nearest,-13367011835497287308304774219883463915/87111621316494674574534695351584978632704,2558392790020530235952869286190834121/21777905329123668643633673837896244658176,23600582995579408252116251364646800399/87111621316494674574534695351584978632704,13367011835497287308304774219883463915/87111621316494674574534695351584978632704,unresolved,True,True
4,1,1/8,1/2,cone-nearest,spline-nearest,-11141234447731625741024595498271169261/174223242632989349149069390703169957265408,7014830143786534056657922238286822083/87111621316494674574534695351584978632704,25170894735304693854340439974844813427/174223242632989349149069390703169957265408,7014830143786534056657922238286822083/87111621316494674574534695351584978632704,unresolved,True,True
4,1,1/8,1/2,cone-witness,cone-nearest,-19926127510761479297928754779994131835/522669727898968047447208172109509871796224,11320494637604047760061727269384123305/261334863949484023723604086054754935898112,42567116785969574818052209318762378445/522669727898968047447208172109509871796224,11320494637604047760061727269384123305/261334863949484023723604086054754935898112,unresolved,True,True
4,1,1/8,1/2,cone-witness,spline-nearest,-14529956600386205128835676050482001741/261334863949484023723604086054754935898112,20220026242371725497402706312595147971/261334863949484023723604086054754935898112,2171873927672370664139898897692321857/16333428996842751482725255378422183493632,20220026242371725497402706312595147971/261334863949484023723604086054754935898112,unresolved,True,True
4,1,1/8,1/8,cone-nearest,spline-nearest,-9845245499414427050352371062283645675/174223242632989349149069390703169957265408,15129691994956451185071834076335691175/174223242632989349149069390703169957265408,12487468747185439117712102569309668425/87111621316494674574534695351584978632704,15129691994956451185071834076335691175/174223242632989349149069390703169957265408,unresolved,True,True
4,1,1/8,1/8,cone-witness,cone-nearest,-10318403939609695897489183456626085301/261334863949484023723604086054754935898112,24827466978043306263505535498572517617/522669727898968047447208172109509871796224,45464274857262698058483902411824688219/522669727898968047447208172109509871796224,24827466978043306263505535498572517617/522669727898968047447208172109509871796224,unresolved,True,True
4,1,1/8,1/8,cone-witness,spline-nearest,-6108696428205859522339799511035306797/130667431974742011861802043027377467949056,11119696074568490605569887997769575523/130667431974742011861802043027377467949056,1076774531423396882994355469300305145/8166714498421375741362627689211091746816,11119696074568490605569887997769575523/130667431974742011861802043027377467949056,unresolved,True,True
4,1,1/8,7/8,cone-nearest,spline-nearest,-50414078150697406664850529870014419223/696892970531957396596277562812679829061632,50060693541616685297092688620397900493/696892970531957396596277562812679829061632,25118692923078522990485804622603079929/174223242632989349149069390703169957265408,50414078150697406664850529870014419223/696892970531957396596277562812679829061632,unresolved,True,True
4,1,1/8,7/8,cone-witness,cone-nearest,-154496034536919940578516089750142947513/4181357823191744379577665376876078974369792,160598962563728123818235202380808131429/4181357823191744379577665376876078974369792,157547498550324032198375646065475539471/2090678911595872189788832688438039487184896,160598962563728123818235202380808131429/4181357823191744379577665376876078974369792,unresolved,True,True
4,1,1/8,7/8,cone-witness,spline-nearest,-68889717974948722955205535274045329091/1045339455797936094894416344219019743592448,34942686534015190890756125128541746585/522669727898968047447208172109509871796224,138775091042979104736717785531128822261/1045339455797936094894416344219019743592448,34942686534015190890756125128541746585/522669727898968047447208172109509871796224,unresolved,True,True
4,1,1/8,uniform,cone-nearest,spline-nearest,-25871516147852062669365431927530710423/348446485265978698298138781406339914530816,50958771813720394613249177206788069753/696892970531957396596277562812679829061632,102701804109424519951980041061849490599/696892970531957396596277562812679829061632,25871516147852062669365431927530710423/348446485265978698298138781406339914530816,unresolved,True,True
4,1,1/8,uniform,cone-witness,cone-nearest,-368080213534903911615375247799704732183/8362715646383488759155330753752157948739584,363342993907884597585407335230243963079/8362715646383488759155330753752157948739584,365711603721394254600391291514974347631/4181357823191744379577665376876078974369792,368080213534903911615375247799704732183/8362715646383488759155330753752157948739584,unresolved,True,True
4,1,1/8,uniform,cone-witness,spline-nearest,-95966299033016838136391015114896064673/1393785941063914793192555125625359658123264,23402060366170995092615340143231452997/348446485265978698298138781406339914530816,189574540497700818506852375687821876661/1393785941063914793192555125625359658123264,95966299033016838136391015114896064673/1393785941063914793192555125625359658123264,unresolved,True,True
4,4,1/4,1/2,cone-nearest,spline-nearest,-439514557019571024811874784792485729/2722238166140458580454209229737030582272,11247314391841072881823314642520794185/87111621316494674574534695351584978632704,25311780216467345675803307755880337513/87111621316494674574534695351584978632704,439514557019571024811874784792485729/2722238166140458580454209229737030582272,unresolved,True,True
4,4,1/4,1/2,cone-witness,cone-nearest,-40596465213123909635254808123829516679/522669727898968047447208172109509871796224,96431445688542038136523128809098228055/1045339455797936094894416344219019743592448,177624376114789857407032745056757261413/1045339455797936094894416344219019743592448,96431445688542038136523128809098228055/1045339455797936094894416344219019743592448,unresolved,True,True
4,4,1/4,1/2,cone-witness,spline-nearest,-3088799304397216046565134830818883537/21777905329123668643633673837896244658176,337747564270675932696258429809813233/2722238166140458580454209229737030582272,5790779818562623508135202269297389401/21777905329123668643633673837896244658176,3088799304397216046565134830818883537/21777905329123668643633673837896244658176,unresolved,True,True
4,4,1/4,1/8,cone-nearest,spline-nearest,-7554435805998662198110053399543380209/43555810658247337287267347675792489316352,4959870939318994490673453537305773813/43555810658247337287267347675792489316352,6257153372658828344391753468424577011/21777905329123668643633673837896244658176,7554435805998662198110053399543380209/43555810658247337287267347675792489316352,unresolved,True,True
4,4,1/4,1/8,cone-witness,cone-nearest,-378481967154386061593757454010141310893/4181357823191744379577665376876078974369792,379837029903503960284818794254104071717/4181357823191744379577665376876078974369792,379159498528945010939288124132122691305/2090678911595872189788832688438039487184896,379837029903503960284818794254104071717/4181357823191744379577665376876078974369792,unresolved,True,True
4,4,1/4,1/8,cone-witness,spline-nearest,-7011591340101240392853694698350607615/43555810658247337287267347675792489316352,4431141710391624804554900972772755151/43555810658247337287267347675792489316352,5721366525246432598704297835561681383/21777905329123668643633673837896244658176,7011591340101240392853694698350607615/43555810658247337287267347675792489316352,unresolved,True,True
4,4,1/4,7/8,cone-nearest,spline-nearest,-11909685867423980933017324867318783823/87111621316494674574534695351584978632704,13629233167945531281868718467756744259/87111621316494674574534695351584978632704,12769459517684756107443021667537764041/43555810658247337287267347675792489316352,13629233167945531281868718467756744259/87111621316494674574534695351584978632704,unresolved,True,True
4,4,1/4,7/8,cone-witness,cone-nearest,-163432373813428596066263130947204496865/2090678911595872189788832688438039487184896,85825866399749121183687184407407289635/1045339455797936094894416344219019743592448,335084106612926838433637499762019076135/2090678911595872189788832688438039487184896,85825866399749121183687184407407289635/1045339455797936094894416344219019743592448,unresolved,True,True
4,4,1/4,7/8,cone-witness,spline-nearest,-10667514033753684734604948004113660659/87111621316494674574534695351584978632704,12729534625361684363494546906228598763/87111621316494674574534695351584978632704,11698524329557684549049747455171129711/43555810658247337287267347675792489316352,12729534625361684363494546906228598763/87111621316494674574534695351584978632704,unresolved,True,True
4,4,1/4,uniform,cone-nearest,spline-nearest,-779165818210610056041138862650224257/5444476332280917160908418459474061164544,26734343805746552459977547727225064517/174223242632989349149069390703169957265408,51667649988486074253293991332032240741/174223242632989349149069390703169957265408,26734343805746552459977547727225064517/174223242632989349149069390703169957265408,unresolved,True,True
4,4,1/4,uniform,cone-witness,cone-nearest,-201314923767104408550250603374184010911/2090678911595872189788832688438039487184896,207379157257620718649563886534082240121/2090678911595872189788832688438039487184896,51086760128090640899976811238533281379/261334863949484023723604086054754935898112,207379157257620718649563886534082240121/2090678911595872189788832688438039487184896,unresolved,True,True
4,4,1/4,uniform,cone-witness,spline-nearest,-22568753725564192205594453662563694441/174223242632989349149069390703169957265408,3109393017430460857804738949744979653/21777905329123668643633673837896244658176,47443897865007879068032365260523531665/174223242632989349149069390703169957265408,3109393017430460857804738949744979653/21777905329123668643633673837896244658176,unresolved,True,True
4,4,1/8,1/2,cone-nearest,spline-nearest,-5632342805929539869660330457768698177/87111621316494674574534695351584978632704,7038338903554959413817766565189232621/87111621316494674574534695351584978632704,6335340854742249641739048511478965399/43555810658247337287267347675792489316352,7038338903554959413817766565189232621/87111621316494674574534695351584978632704,unresolved,True,True
4,4,1/8,1/2,cone-witness,cone-nearest,-94191373866242411101940694131406070847/2090678911595872189788832688438039487184896,42256702200475691406387224193326892709/1045339455797936094894416344219019743592448,178704778267193793914715142518059856265/2090678911595872189788832688438039487184896,94191373866242411101940694131406070847/2090678911595872189788832688438039487184896,unresolved,True,True
4,4,1/8,1/2,cone-witness,spline-nearest,-21205158836598802319758706517159325199/348446485265978698298138781406339914530816,788004634881856672381672483787355513/10888952664561834321816836918948122329088,46421307152818215835972225998354701615/348446485265978698298138781406339914530816,788004634881856672381672483787355513/10888952664561834321816836918948122329088,unresolved,True,True
4,4,1/8,1/8,cone-nearest,spline-nearest,-25313710574081144055209097363509472295/348446485265978698298138781406339914530816,24730269141399057117035064258052160577/348446485265978698298138781406339914530816,6255497464435025146530520202695204109/43555810658247337287267347675792489316352,25313710574081144055209097363509472295/348446485265978698298138781406339914530816,unresolved,True,True
4,4,1/8,1/8,cone-witness,cone-nearest,-185587616546761165780303567591378622869/4181357823191744379577665376876078974369792,193628161093475720584371280575577500781/4181357823191744379577665376876078974369792,189607888820118443182337424083478061825/2090678911595872189788832688438039487184896,193628161093475720584371280575577500781/4181357823191744379577665376876078974369792,unresolved,True,True
4,4,1/8,1/8,cone-witness,spline-nearest,-45672371085669484442254884482636609117/696892970531957396596277562812679829061632,45845578978092264449522966757104101765/696892970531957396596277562812679829061632,45758975031880874445888925619870355441/348446485265978698298138781406339914530816,45845578978092264449522966757104101765/696892970531957396596277562812679829061632,unresolved,True,True
4,4,1/8,7/8,cone-nearest,spline-nearest,-101812653833432914757376648561169158251/1393785941063914793192555125625359658123264,51123798352954353114929433186538755537/696892970531957396596277562812679829061632,204060250539341620987235514934246669325/1393785941063914793192555125625359658123264,51123798352954353114929433186538755537/696892970531957396596277562812679829061632,unresolved,True,True
4,4,1/8,7/8,cone-witness,cone-nearest,-42305814956148129922688371985524726699/1045339455797936094894416344219019743592448,164599061120299673670311844569442337279/4181357823191744379577665376876078974369792,333822320944892193361065332511541244075/4181357823191744379577665376876078974369792,42305814956148129922688371985524726699/1045339455797936094894416344219019743592448,unresolved,True,True
4,4,1/8,7/8,cone-witness,spline-nearest,-94033786310209495680935727402455942429/1393785941063914793192555125625359658123264,92927329614589191813385613263798401763/1393785941063914793192555125625359658123264,11411200923144451141010824015274313/85069942691889330639194038429282205696,94033786310209495680935727402455942429/1393785941063914793192555125625359658123264,unresolved,True,True
4,4,1/8,uniform,cone-nearest,spline-nearest,-12192493313867786638549625047419175087/174223242632989349149069390703169957265408,13717992053419472208523050204967999997/174223242632989349149069390703169957265408,6477621341821814711768168813096793771/43555810658247337287267347675792489316352,13717992053419472208523050204967999997/174223242632989349149069390703169957265408,unresolved,True,True
4,4,1/8,uniform,cone-witness,cone-nearest,-403084196200060212566685292439835335915/8362715646383488759155330753752157948739584,412512094039134425094647220671258993453/8362715646383488759155330753752157948739584,101949536279899329707666564138886791171/1045339455797936094894416344219019743592448,412512094039134425094647220671258993453/8362715646383488759155330753752157948739584,unresolved,True,True
4,4,1/8,uniform,cone-witness,spline-nearest,-33087825921546578923537698050453294669/522669727898968047447208172109509871796224,38253565755133646841903775990956529811/522669727898968047447208172109509871796224,2229418489896257055170046063794057015/16333428996842751482725255378422183493632,38253565755133646841903775990956529811/522669727898968047447208172109509871796224,unresolved,True,True
