dataset,path,arm,seed,orders,cap,calls,accepted,candidate_status,candidate_bound,deployed_bound,generation_seconds,cumulative_check_seconds
tuning,revisions/2026-09-23-r24/results/tuning/seed24001/diagonal_0.005/record.json,diagonal_adam,24001,--,200,200,True,CERTIFIED,0.01691208141717993,0.01691208141717993,0.5896125009999906,2.081809444000001
tuning,revisions/2026-09-23-r24/results/tuning/seed24001/diagonal_0.02/record.json,diagonal_adam,24001,--,200,200,True,CERTIFIED,0.0039878591227691116,0.0039878591227691116,0.6115518189999989,2.1131281229999956
tuning,revisions/2026-09-23-r24/results/tuning/seed24001/diagonal_0.08/record.json,diagonal_adam,24001,--,200,200,True,CERTIFIED,0.002148713839579264,0.002148713839579264,0.598730144000001,2.0891987980000124
tuning,revisions/2026-09-23-r24/results/tuning/seed24001/direct_0.005/record.json,direct_adam,24001,--,200,200,True,CERTIFIED,0.01915780329454231,0.01915780329454231,0.5932759850000053,2.052522135000004
tuning,revisions/2026-09-23-r24/results/tuning/seed24001/direct_0.02/record.json,direct_adam,24001,--,200,200,True,CERTIFIED,0.004725879106669995,0.004725879106669995,0.586392790000005,2.056905496000013
tuning,revisions/2026-09-23-r24/results/tuning/seed24001/direct_0.08/record.json,direct_adam,24001,--,200,200,True,CERTIFIED,0.002225348372033587,0.002225348372033587,0.6045688889999923,2.064943086999989
tuning,revisions/2026-09-23-r24/results/tuning/seed24001/neural_0.005/record.json,neural_adam,24001,--,200,200,True,CERTIFIED,0.002210393468830008,0.002210393468830008,0.6592443520000018,2.048662527999994
tuning,revisions/2026-09-23-r24/results/tuning/seed24001/neural_0.02/record.json,neural_adam,24001,--,200,200,True,CERTIFIED,0.0019644965945426755,0.0019644965945426755,0.6540196380000083,2.079445516000007
tuning,revisions/2026-09-23-r24/results/tuning/seed24001/neural_0.08/record.json,neural_adam,24001,--,200,200,True,CERTIFIED,0.0019277257977907694,0.0019277257977907694,0.6577710549999978,2.0669742999999983
tuning,revisions/2026-09-23-r24/results/tuning/seed24001/tangent_0.005/record.json,tangent_adam,24001,--,200,200,True,CERTIFIED,0.007097343945678959,0.007097343945678959,0.5872478449999932,2.065935926999998
tuning,revisions/2026-09-23-r24/results/tuning/seed24001/tangent_0.02/record.json,tangent_adam,24001,--,200,200,True,CERTIFIED,0.0025669323949149008,0.0025669323949149008,0.5900738090000033,2.0919055560000004
tuning,revisions/2026-09-23-r24/results/tuning/seed24001/tangent_0.08/record.json,tangent_adam,24001,--,200,200,True,CERTIFIED,0.0020492505303379986,0.0020492505303379986,0.5916323689999956,2.0746714909999895
tuning,revisions/2026-09-23-r24/results/tuning/seed24001/white_0.005/record.json,white_adam,24001,--,200,200,True,CERTIFIED,0.03177224751441222,0.03177224751441222,0.5864954219999987,2.052832902999995
tuning,revisions/2026-09-23-r24/results/tuning/seed24001/white_0.02/record.json,white_adam,24001,--,200,200,True,CERTIFIED,0.020715643476319826,0.020715643476319826,0.587668371999996,2.058943517000003
tuning,revisions/2026-09-23-r24/results/tuning/seed24001/white_0.08/record.json,white_adam,24001,--,200,200,True,CERTIFIED,0.017750933880619216,0.017750933880619216,0.5901947739999969,2.0647349920000124
tuning,revisions/2026-09-23-r24/results/tuning/seed24002/diagonal_0.005/record.json,diagonal_adam,24002,--,200,200,True,CERTIFIED,0.018202763545728032,0.018202763545728032,0.5890674989999809,2.060413015000023
tuning,revisions/2026-09-23-r24/results/tuning/seed24002/diagonal_0.02/record.json,diagonal_adam,24002,--,200,200,True,CERTIFIED,0.004390294322763611,0.004390294322763611,0.5877158430000122,2.062509499000015
tuning,revisions/2026-09-23-r24/results/tuning/seed24002/diagonal_0.08/record.json,diagonal_adam,24002,--,200,200,True,CERTIFIED,0.0021888034782244774,0.0021888034782244774,0.593336622999999,2.0670286109999836
tuning,revisions/2026-09-23-r24/results/tuning/seed24002/direct_0.005/record.json,direct_adam,24002,--,200,200,True,CERTIFIED,0.019605206809826917,0.019605206809826917,0.5904455440000049,2.0590497040000173
tuning,revisions/2026-09-23-r24/results/tuning/seed24002/direct_0.02/record.json,direct_adam,24002,--,200,200,True,CERTIFIED,0.004771569202922433,0.004771569202922433,0.5885390869999867,2.0880581769999935
tuning,revisions/2026-09-23-r24/results/tuning/seed24002/direct_0.08/record.json,direct_adam,24002,--,200,200,True,CERTIFIED,0.002228169311413453,0.002228169311413453,0.5915351570000098,2.065722118999986
tuning,revisions/2026-09-23-r24/results/tuning/seed24002/neural_0.005/record.json,neural_adam,24002,--,200,200,True,CERTIFIED,0.0022369118012397497,0.0022369118012397497,0.657171749000014,2.073232066999992
tuning,revisions/2026-09-23-r24/results/tuning/seed24002/neural_0.02/record.json,neural_adam,24002,--,200,200,True,CERTIFIED,0.0019703118847880234,0.0019703118847880234,0.6548445379999919,2.073325636000021
tuning,revisions/2026-09-23-r24/results/tuning/seed24002/neural_0.08/record.json,neural_adam,24002,--,200,200,True,CERTIFIED,0.0019288477868406597,0.0019288477868406597,0.6603906500000107,2.07787361299998
tuning,revisions/2026-09-23-r24/results/tuning/seed24002/tangent_0.005/record.json,tangent_adam,24002,--,200,200,True,CERTIFIED,0.009563504628547605,0.009563504628547605,0.5881471650000094,2.057036855000007
tuning,revisions/2026-09-23-r24/results/tuning/seed24002/tangent_0.02/record.json,tangent_adam,24002,--,200,200,True,CERTIFIED,0.0032153092998390424,0.0032153092998390424,0.591906339000019,2.075493090000009
tuning,revisions/2026-09-23-r24/results/tuning/seed24002/tangent_0.08/record.json,tangent_adam,24002,--,200,200,True,CERTIFIED,0.002110696263768031,0.002110696263768031,0.5979576450000081,2.060273701
tuning,revisions/2026-09-23-r24/results/tuning/seed24002/white_0.005/record.json,white_adam,24002,--,200,200,True,CERTIFIED,0.029853780161409608,0.029853780161409608,0.5872500279999997,2.0501643169999966
tuning,revisions/2026-09-23-r24/results/tuning/seed24002/white_0.02/record.json,white_adam,24002,--,200,200,True,CERTIFIED,0.022410455146079315,0.022410455146079315,0.58877258199999,2.072693883999989
tuning,revisions/2026-09-23-r24/results/tuning/seed24002/white_0.08/record.json,white_adam,24002,--,200,200,True,CERTIFIED,0.021034277247828918,0.021034277247828918,0.5937718870000026,2.0752100310000117
heldout,revisions/2026-09-23-r24/results/heldout/seed24101/q12_24/diagonal_adam/record.json,diagonal_adam,24101,"[12, 24]",25,25,True,CERTIFIED,0.007060107256473548,0.007060107256473548,0.11973650800001678,2.052113788999975
heldout,revisions/2026-09-23-r24/results/heldout/seed24101/q12_24/diagonal_adam/record.json,diagonal_adam,24101,"[12, 24]",50,50,True,CERTIFIED,0.0032727983464413417,0.0032727983464413417,0.24069093900004646,4.1275055219999786
heldout,revisions/2026-09-23-r24/results/heldout/seed24101/q12_24/diagonal_adam/record.json,diagonal_adam,24101,"[12, 24]",100,100,True,CERTIFIED,0.002453782706826946,0.002453782706826946,0.47347938600000816,6.216409692999946
heldout,revisions/2026-09-23-r24/results/heldout/seed24101/q12_24/diagonal_adam/record.json,diagonal_adam,24101,"[12, 24]",200,200,True,CERTIFIED,0.002144889657719862,0.002144889657719862,0.937111992000041,8.286602712999922
heldout,revisions/2026-09-23-r24/results/heldout/seed24101/q12_24/diagonal_adam/record.json,diagonal_adam,24101,"[12, 24]",400,400,True,CERTIFIED,0.0020087006072522233,0.0020087006072522233,1.8549544570000762,10.36515856199992
heldout,revisions/2026-09-23-r24/results/heldout/seed24101/q12_24/direct_adam/record.json,direct_adam,24101,"[12, 24]",25,25,True,CERTIFIED,0.00930229284060058,0.00930229284060058,0.1185528569999974,2.0695333800000526
heldout,revisions/2026-09-23-r24/results/heldout/seed24101/q12_24/direct_adam/record.json,direct_adam,24101,"[12, 24]",50,50,True,CERTIFIED,0.003987055186190914,0.003987055186190914,0.23520469899989394,4.132099455000059
heldout,revisions/2026-09-23-r24/results/heldout/seed24101/q12_24/direct_adam/record.json,direct_adam,24101,"[12, 24]",100,100,True,CERTIFIED,0.0026765575209029007,0.0026765575209029007,0.4658820019999439,6.212296130000084
heldout,revisions/2026-09-23-r24/results/heldout/seed24101/q12_24/direct_adam/record.json,direct_adam,24101,"[12, 24]",200,200,True,CERTIFIED,0.002225433341461303,0.002225433341461303,0.9271158720000017,8.286904230000118
heldout,revisions/2026-09-23-r24/results/heldout/seed24101/q12_24/direct_adam/record.json,direct_adam,24101,"[12, 24]",400,400,True,CERTIFIED,0.00203820932294474,0.00203820932294474,1.8573799460000373,10.383622643000137
heldout,revisions/2026-09-23-r24/results/heldout/seed24101/q12_24/direct_lbfgsb/record.json,direct_lbfgsb,24101,"[12, 24]",25,25,True,CERTIFIED,0.0019301542141321184,0.0019301542141321184,0.11816106399999171,2.108668786999999
heldout,revisions/2026-09-23-r24/results/heldout/seed24101/q12_24/direct_lbfgsb/record.json,direct_lbfgsb,24101,"[12, 24]",50,50,True,CERTIFIED,0.0019234705809005883,0.0019234705809005883,0.23804949999998826,4.219504959999995
heldout,revisions/2026-09-23-r24/results/heldout/seed24101/q12_24/direct_lbfgsb/record.json,direct_lbfgsb,24101,"[12, 24]",100,100,False,CERTIFIED,0.0019232873766850125,0.0019234705809005883,0.47330920299998525,6.314021759000013
heldout,revisions/2026-09-23-r24/results/heldout/seed24101/q12_24/direct_lbfgsb/record.json,direct_lbfgsb,24101,"[12, 24]",200,114,False,CERTIFIED,0.001923287065451085,0.0019234705809005883,0.5375408029999562,8.433284370000024
heldout,revisions/2026-09-23-r24/results/heldout/seed24101/q12_24/direct_lbfgsb/record.json,direct_lbfgsb,24101,"[12, 24]",400,114,False,CERTIFIED,0.001923287065451085,0.0019234705809005883,0.5375408029999562,10.54201069000004
heldout,revisions/2026-09-23-r24/results/heldout/seed24101/q12_24/neural_adam/record.json,neural_adam,24101,"[12, 24]",25,25,True,CERTIFIED,0.0020013738761250903,0.0020013738761250903,0.13339350699999386,2.0752111550000336
heldout,revisions/2026-09-23-r24/results/heldout/seed24101/q12_24/neural_adam/record.json,neural_adam,24101,"[12, 24]",50,50,True,CERTIFIED,0.0019494973587166344,0.0019494973587166344,0.2623872439999957,4.155748484000014
heldout,revisions/2026-09-23-r24/results/heldout/seed24101/q12_24/neural_adam/record.json,neural_adam,24101,"[12, 24]",100,100,True,CERTIFIED,0.0019348882312102413,0.0019348882312102413,0.5084477769999864,6.230942545000005
heldout,revisions/2026-09-23-r24/results/heldout/seed24101/q12_24/neural_adam/record.json,neural_adam,24101,"[12, 24]",200,200,True,CERTIFIED,0.0019286122975410438,0.0019286122975410438,1.0121875289999593,8.296972458000027
heldout,revisions/2026-09-23-r24/results/heldout/seed24101/q12_24/neural_adam/record.json,neural_adam,24101,"[12, 24]",400,400,True,CERTIFIED,0.0019253269342498493,0.0019253269342498493,2.0019817899999452,10.366682223000055
heldout,revisions/2026-09-23-r24/results/heldout/seed24101/q12_24/neural_lbfgsb/record.json,neural_lbfgsb,24101,"[12, 24]",25,25,True,CERTIFIED,0.009609657627837278,0.009609657627837278,0.12218547700001636,2.132857709999996
heldout,revisions/2026-09-23-r24/results/heldout/seed24101/q12_24/neural_lbfgsb/record.json,neural_lbfgsb,24101,"[12, 24]",50,50,True,CERTIFIED,0.009608180120207256,0.009608180120207256,0.24778912000004993,4.235489649999977
heldout,revisions/2026-09-23-r24/results/heldout/seed24101/q12_24/neural_lbfgsb/record.json,neural_lbfgsb,24101,"[12, 24]",100,87,False,CERTIFIED,0.009608169993687634,0.009608180120207256,0.4365892190000409,6.348967345999995
heldout,revisions/2026-09-23-r24/results/heldout/seed24101/q12_24/neural_lbfgsb/record.json,neural_lbfgsb,24101,"[12, 24]",200,87,False,CERTIFIED,0.009608169993687634,0.009608180120207256,0.4365892190000409,8.462883191999993
heldout,revisions/2026-09-23-r24/results/heldout/seed24101/q12_24/neural_lbfgsb/record.json,neural_lbfgsb,24101,"[12, 24]",400,87,False,CERTIFIED,0.009608169993687634,0.009608180120207256,0.4365892190000409,10.579521157000045
heldout,revisions/2026-09-23-r24/results/heldout/seed24101/q12_24/tangent_adam/record.json,tangent_adam,24101,"[12, 24]",25,25,True,CERTIFIED,0.00448466544007431,0.00448466544007431,0.11869349800002738,2.066709928000023
heldout,revisions/2026-09-23-r24/results/heldout/seed24101/q12_24/tangent_adam/record.json,tangent_adam,24101,"[12, 24]",50,50,True,CERTIFIED,0.0023903476996551824,0.0023903476996551824,0.23374866200003908,4.140764290999982
heldout,revisions/2026-09-23-r24/results/heldout/seed24101/q12_24/tangent_adam/record.json,tangent_adam,24101,"[12, 24]",100,100,True,CERTIFIED,0.0021399094940257606,0.0021399094940257606,0.46640968200000543,6.210333907000006
heldout,revisions/2026-09-23-r24/results/heldout/seed24101/q12_24/tangent_adam/record.json,tangent_adam,24101,"[12, 24]",200,200,True,CERTIFIED,0.002095941352998843,0.002095941352998843,0.9274416049999559,8.278150928999992
heldout,revisions/2026-09-23-r24/results/heldout/seed24101/q12_24/tangent_adam/record.json,tangent_adam,24101,"[12, 24]",400,400,True,CERTIFIED,0.0020844634590901916,0.0020844634590901916,1.8616758579999555,10.38906658000002
heldout,revisions/2026-09-23-r24/results/heldout/seed24101/q12_24/white_adam/record.json,white_adam,24101,"[12, 24]",25,25,True,CERTIFIED,0.030153300223597416,0.030153300223597416,0.12290649400000575,2.1200727769999617
heldout,revisions/2026-09-23-r24/results/heldout/seed24101/q12_24/white_adam/record.json,white_adam,24101,"[12, 24]",50,50,True,CERTIFIED,0.02360655084463348,0.02360655084463348,0.24672140600000603,4.234183406
heldout,revisions/2026-09-23-r24/results/heldout/seed24101/q12_24/white_adam/record.json,white_adam,24101,"[12, 24]",100,100,True,CERTIFIED,0.020258876008518726,0.020258876008518726,0.4820937900000217,6.350563360999956
heldout,revisions/2026-09-23-r24/results/heldout/seed24101/q12_24/white_adam/record.json,white_adam,24101,"[12, 24]",200,200,True,CERTIFIED,0.01892329343609656,0.01892329343609656,0.9569801769999913,8.464306954999984
heldout,revisions/2026-09-23-r24/results/heldout/seed24101/q12_24/white_adam/record.json,white_adam,24101,"[12, 24]",400,400,True,CERTIFIED,0.018742267018054818,0.018742267018054818,1.9179571919999603,10.584052033999967
heldout,revisions/2026-09-23-r24/results/heldout/seed24101/q8_16/diagonal_adam/record.json,diagonal_adam,24101,"[8, 16]",25,25,True,CERTIFIED,0.007060107530574956,0.007060107530574956,0.07480924399999367,2.056892457999993
heldout,revisions/2026-09-23-r24/results/heldout/seed24101/q8_16/diagonal_adam/record.json,diagonal_adam,24101,"[8, 16]",50,50,True,CERTIFIED,0.0032728223392410887,0.0032728223392410887,0.14802684899996166,4.117359099999987
heldout,revisions/2026-09-23-r24/results/heldout/seed24101/q8_16/diagonal_adam/record.json,diagonal_adam,24101,"[8, 16]",100,100,True,CERTIFIED,0.002453834921735121,0.002453834921735121,0.29557980799995676,6.185222965999998
heldout,revisions/2026-09-23-r24/results/heldout/seed24101/q8_16/diagonal_adam/record.json,diagonal_adam,24101,"[8, 16]",200,200,True,CERTIFIED,0.0021449393926344933,0.0021449393926344933,0.5972400719999484,8.25524051299999
heldout,revisions/2026-09-23-r24/results/heldout/seed24101/q8_16/diagonal_adam/record.json,diagonal_adam,24101,"[8, 16]",400,400,True,CERTIFIED,0.0020087346052335424,0.0020087346052335424,1.1816126459999339,10.319522490999987
heldout,revisions/2026-09-23-r24/results/heldout/seed24101/q8_16/direct_adam/record.json,direct_adam,24101,"[8, 16]",25,25,True,CERTIFIED,0.00930229474764044,0.00930229474764044,0.07632047500001704,2.0645650339999975
heldout,revisions/2026-09-23-r24/results/heldout/seed24101/q8_16/direct_adam/record.json,direct_adam,24101,"[8, 16]",50,50,True,CERTIFIED,0.00398708014212379,0.00398708014212379,0.14991619500000297,4.137257783999985
heldout,revisions/2026-09-23-r24/results/heldout/seed24101/q8_16/direct_adam/record.json,direct_adam,24101,"[8, 16]",100,100,True,CERTIFIED,0.0026766054848634817,0.0026766054848634817,0.29688341700003207,6.202440645999985
heldout,revisions/2026-09-23-r24/results/heldout/seed24101/q8_16/direct_adam/record.json,direct_adam,24101,"[8, 16]",200,200,True,CERTIFIED,0.0022254871245370737,0.0022254871245370737,0.590534353999999,8.259032924999985
heldout,revisions/2026-09-23-r24/results/heldout/seed24101/q8_16/direct_adam/record.json,direct_adam,24101,"[8, 16]",400,400,True,CERTIFIED,0.0020382481521643574,0.0020382481521643574,1.1785735370000054,10.325065026000004
heldout,revisions/2026-09-23-r24/results/heldout/seed24101/q8_16/direct_lbfgsb/record.json,direct_lbfgsb,24101,"[8, 16]",25,25,True,CERTIFIED,0.0019301724737361694,0.0019301724737361694,0.07248824999999215,2.085055400000016
heldout,revisions/2026-09-23-r24/results/heldout/seed24101/q8_16/direct_lbfgsb/record.json,direct_lbfgsb,24101,"[8, 16]",50,50,True,CERTIFIED,0.0019234428579739673,0.0019234428579739673,0.14400810899999783,4.174036113000028
heldout,revisions/2026-09-23-r24/results/heldout/seed24101/q8_16/direct_lbfgsb/record.json,direct_lbfgsb,24101,"[8, 16]",100,100,False,CERTIFIED,0.001923295439192563,0.0019234428579739673,0.2869773959999975,6.254333863000028
heldout,revisions/2026-09-23-r24/results/heldout/seed24101/q8_16/direct_lbfgsb/record.json,direct_lbfgsb,24101,"[8, 16]",200,104,False,CERTIFIED,0.0019232953479479955,0.0019234428579739673,0.2985274220000065,8.33200774200003
heldout,revisions/2026-09-23-r24/results/heldout/seed24101/q8_16/direct_lbfgsb/record.json,direct_lbfgsb,24101,"[8, 16]",400,104,False,CERTIFIED,0.0019232953479479955,0.0019234428579739673,0.2985274220000065,10.435301989000038
heldout,revisions/2026-09-23-r24/results/heldout/seed24101/q8_16/neural_adam/record.json,neural_adam,24101,"[8, 16]",25,25,True,CERTIFIED,0.0020013744272175953,0.0020013744272175953,0.08511043500001847,2.0591470869999853
heldout,revisions/2026-09-23-r24/results/heldout/seed24101/q8_16/neural_adam/record.json,neural_adam,24101,"[8, 16]",50,50,True,CERTIFIED,0.0019495014559671733,0.0019495014559671733,0.16646979399999395,4.112981646999998
heldout,revisions/2026-09-23-r24/results/heldout/seed24101/q8_16/neural_adam/record.json,neural_adam,24101,"[8, 16]",100,100,True,CERTIFIED,0.0019349101656973568,0.0019349101656973568,0.32989432499999793,6.176876894000003
heldout,revisions/2026-09-23-r24/results/heldout/seed24101/q8_16/neural_adam/record.json,neural_adam,24101,"[8, 16]",200,200,True,CERTIFIED,0.0019286316776294667,0.0019286316776294667,0.6557018109999717,8.244262540000022
heldout,revisions/2026-09-23-r24/results/heldout/seed24101/q8_16/neural_adam/record.json,neural_adam,24101,"[8, 16]",400,400,True,CERTIFIED,0.0019253392980120856,0.0019253392980120856,1.3050433070000054,10.30997949600004
heldout,revisions/2026-09-23-r24/results/heldout/seed24101/q8_16/neural_lbfgsb/record.json,neural_lbfgsb,24101,"[8, 16]",25,25,True,CERTIFIED,0.009609671096837859,0.009609671096837859,0.07924806500000159,2.101636251000002
heldout,revisions/2026-09-23-r24/results/heldout/seed24101/q8_16/neural_lbfgsb/record.json,neural_lbfgsb,24101,"[8, 16]",50,50,True,CERTIFIED,0.009608326141774317,0.009608326141774317,0.15850514699999962,4.190337743000015
heldout,revisions/2026-09-23-r24/results/heldout/seed24101/q8_16/neural_lbfgsb/record.json,neural_lbfgsb,24101,"[8, 16]",100,100,False,CERTIFIED,0.009608290489162343,0.009608326141774317,0.31546594300002084,6.278379950000016
heldout,revisions/2026-09-23-r24/results/heldout/seed24101/q8_16/neural_lbfgsb/record.json,neural_lbfgsb,24101,"[8, 16]",200,102,False,CERTIFIED,0.009608290435566104,0.009608326141774317,0.32168757100001244,8.363994901000012
heldout,revisions/2026-09-23-r24/results/heldout/seed24101/q8_16/neural_lbfgsb/record.json,neural_lbfgsb,24101,"[8, 16]",400,102,False,CERTIFIED,0.009608290435566104,0.009608326141774317,0.32168757100001244,10.452071088000025
heldout,revisions/2026-09-23-r24/results/heldout/seed24101/q8_16/tangent_adam/record.json,tangent_adam,24101,"[8, 16]",25,25,True,CERTIFIED,0.004484679406154824,0.004484679406154824,0.07470139199998016,2.058290568000018
heldout,revisions/2026-09-23-r24/results/heldout/seed24101/q8_16/tangent_adam/record.json,tangent_adam,24101,"[8, 16]",50,50,True,CERTIFIED,0.0023904324204298004,0.0023904324204298004,0.14840416699999537,4.124094866000036
heldout,revisions/2026-09-23-r24/results/heldout/seed24101/q8_16/tangent_adam/record.json,tangent_adam,24101,"[8, 16]",100,100,True,CERTIFIED,0.0021399464485316604,0.0021399464485316604,0.29347783200000777,6.187319344000031
heldout,revisions/2026-09-23-r24/results/heldout/seed24101/q8_16/tangent_adam/record.json,tangent_adam,24101,"[8, 16]",200,200,True,CERTIFIED,0.002095992880844389,0.002095992880844389,0.5850283199999922,8.247788185000019
heldout,revisions/2026-09-23-r24/results/heldout/seed24101/q8_16/tangent_adam/record.json,tangent_adam,24101,"[8, 16]",400,400,True,CERTIFIED,0.0020844980833552022,0.0020844980833552022,1.172489694999996,10.327913935000026
heldout,revisions/2026-09-23-r24/results/heldout/seed24101/q8_16/white_adam/record.json,white_adam,24101,"[8, 16]",25,25,True,CERTIFIED,0.030153298818847988,0.030153298818847988,0.0739881760000003,2.062461178999996
heldout,revisions/2026-09-23-r24/results/heldout/seed24101/q8_16/white_adam/record.json,white_adam,24101,"[8, 16]",50,50,True,CERTIFIED,0.023606558353719945,0.023606558353719945,0.14750365400001897,4.157770100999983
heldout,revisions/2026-09-23-r24/results/heldout/seed24101/q8_16/white_adam/record.json,white_adam,24101,"[8, 16]",100,100,True,CERTIFIED,0.020258873170170725,0.020258873170170725,0.2945208820000289,6.2195203269999695
heldout,revisions/2026-09-23-r24/results/heldout/seed24101/q8_16/white_adam/record.json,white_adam,24101,"[8, 16]",200,200,True,CERTIFIED,0.018923180533841014,0.018923180533841014,0.5860137740000084,8.318146897999952
heldout,revisions/2026-09-23-r24/results/heldout/seed24101/q8_16/white_adam/record.json,white_adam,24101,"[8, 16]",400,400,True,CERTIFIED,0.018742028541234527,0.018742028541234527,1.1721200990000114,10.411563876999963
heldout,revisions/2026-09-23-r24/results/heldout/seed24102/q12_24/diagonal_adam/record.json,diagonal_adam,24102,"[12, 24]",25,25,True,CERTIFIED,0.006559431891488111,0.006559431891488111,0.11728453599994282,2.052596412000014
heldout,revisions/2026-09-23-r24/results/heldout/seed24102/q12_24/diagonal_adam/record.json,diagonal_adam,24102,"[12, 24]",50,50,True,CERTIFIED,0.0031282383215811564,0.0031282383215811564,0.2312300929999651,4.105670337999982
heldout,revisions/2026-09-23-r24/results/heldout/seed24102/q12_24/diagonal_adam/record.json,diagonal_adam,24102,"[12, 24]",100,100,True,CERTIFIED,0.002407913517075811,0.002407913517075811,0.4616801259999761,6.18085257599995
heldout,revisions/2026-09-23-r24/results/heldout/seed24102/q12_24/diagonal_adam/record.json,diagonal_adam,24102,"[12, 24]",200,200,True,CERTIFIED,0.0021279154426903095,0.0021279154426903095,0.9220360809999306,8.24138520899993
heldout,revisions/2026-09-23-r24/results/heldout/seed24102/q12_24/diagonal_adam/record.json,diagonal_adam,24102,"[12, 24]",400,400,True,CERTIFIED,0.0020024808414242927,0.0020024808414242927,1.8504477479999082,10.309920027999908
heldout,revisions/2026-09-23-r24/results/heldout/seed24102/q12_24/direct_adam/record.json,direct_adam,24102,"[12, 24]",25,25,True,CERTIFIED,0.009526625256760958,0.009526625256760958,0.1193789289999927,2.057814801999996
heldout,revisions/2026-09-23-r24/results/heldout/seed24102/q12_24/direct_adam/record.json,direct_adam,24102,"[12, 24]",50,50,True,CERTIFIED,0.004024527910775789,0.004024527910775789,0.2369458989999771,4.121573424999951
heldout,revisions/2026-09-23-r24/results/heldout/seed24102/q12_24/direct_adam/record.json,direct_adam,24102,"[12, 24]",100,100,True,CERTIFIED,0.0026844742341820553,0.0026844742341820553,0.4659719750000022,6.1867932749999
heldout,revisions/2026-09-23-r24/results/heldout/seed24102/q12_24/direct_adam/record.json,direct_adam,24102,"[12, 24]",200,200,True,CERTIFIED,0.002228159610519365,0.002228159610519365,0.9345782059999692,8.249069006999889
heldout,revisions/2026-09-23-r24/results/heldout/seed24102/q12_24/direct_adam/record.json,direct_adam,24102,"[12, 24]",400,400,True,CERTIFIED,0.002039188029396622,0.002039188029396622,1.8613535949999687,10.320712384999865
heldout,revisions/2026-09-23-r24/results/heldout/seed24102/q12_24/direct_lbfgsb/record.json,direct_lbfgsb,24102,"[12, 24]",25,25,True,CERTIFIED,0.0019305328268783841,0.0019305328268783841,0.11556167999998479,2.0769720819999975
heldout,revisions/2026-09-23-r24/results/heldout/seed24102/q12_24/direct_lbfgsb/record.json,direct_lbfgsb,24102,"[12, 24]",50,50,True,CERTIFIED,0.0019236668151600968,0.0019236668151600968,0.22947201900001346,4.15622214199999
heldout,revisions/2026-09-23-r24/results/heldout/seed24102/q12_24/direct_lbfgsb/record.json,direct_lbfgsb,24102,"[12, 24]",100,100,False,CERTIFIED,0.0019232872240035894,0.0019236668151600968,0.45562642099997674,6.226360711999973
heldout,revisions/2026-09-23-r24/results/heldout/seed24102/q12_24/direct_lbfgsb/record.json,direct_lbfgsb,24102,"[12, 24]",200,110,False,CERTIFIED,0.0019232870954930539,0.0019236668151600968,0.5013837920000128,8.299905946000024
heldout,revisions/2026-09-23-r24/results/heldout/seed24102/q12_24/direct_lbfgsb/record.json,direct_lbfgsb,24102,"[12, 24]",400,110,False,CERTIFIED,0.0019232870954930539,0.0019236668151600968,0.5013837920000128,10.371480662000067
heldout,revisions/2026-09-23-r24/results/heldout/seed24102/q12_24/neural_adam/record.json,neural_adam,24102,"[12, 24]",25,25,True,CERTIFIED,0.002027235485355439,0.002027235485355439,0.1308869149999623,2.08111581899999
heldout,revisions/2026-09-23-r24/results/heldout/seed24102/q12_24/neural_adam/record.json,neural_adam,24102,"[12, 24]",50,50,True,CERTIFIED,0.00194564679716569,0.00194564679716569,0.2544298870000148,4.154178746000014
heldout,revisions/2026-09-23-r24/results/heldout/seed24102/q12_24/neural_adam/record.json,neural_adam,24102,"[12, 24]",100,100,True,CERTIFIED,0.0019338429858619668,0.0019338429858619668,0.5039801119999652,6.226630166999996
heldout,revisions/2026-09-23-r24/results/heldout/seed24102/q12_24/neural_adam/record.json,neural_adam,24102,"[12, 24]",200,200,True,CERTIFIED,0.0019282275630194692,0.0019282275630194692,1.000752633999923,8.294765461999987
heldout,revisions/2026-09-23-r24/results/heldout/seed24102/q12_24/neural_adam/record.json,neural_adam,24102,"[12, 24]",400,400,True,CERTIFIED,0.0019257047520924166,0.0019257047520924166,1.9908603859998948,10.373935028999995
heldout,revisions/2026-09-23-r24/results/heldout/seed24102/q12_24/neural_lbfgsb/record.json,neural_lbfgsb,24102,"[12, 24]",25,25,True,CERTIFIED,0.0019419867259831138,0.0019419867259831138,0.12232086500000605,2.0751648380000347
heldout,revisions/2026-09-23-r24/results/heldout/seed24102/q12_24/neural_lbfgsb/record.json,neural_lbfgsb,24102,"[12, 24]",50,50,True,CERTIFIED,0.0019323743582631006,0.0019323743582631006,0.24367976100000988,4.145094432000008
heldout,revisions/2026-09-23-r24/results/heldout/seed24102/q12_24/neural_lbfgsb/record.json,neural_lbfgsb,24102,"[12, 24]",100,100,True,CERTIFIED,0.0019261504738552484,0.0019261504738552484,0.4878497119999565,6.219655884000019
heldout,revisions/2026-09-23-r24/results/heldout/seed24102/q12_24/neural_lbfgsb/record.json,neural_lbfgsb,24102,"[12, 24]",200,200,True,CERTIFIED,0.0019235135183621745,0.0019235135183621745,0.9674454379999702,8.295120808000036
heldout,revisions/2026-09-23-r24/results/heldout/seed24102/q12_24/neural_lbfgsb/record.json,neural_lbfgsb,24102,"[12, 24]",400,400,False,CERTIFIED,0.001923322550320128,0.0019235135183621745,1.9293906990000096,10.377846007000073
heldout,revisions/2026-09-23-r24/results/heldout/seed24102/q12_24/tangent_adam/record.json,tangent_adam,24102,"[12, 24]",25,25,True,CERTIFIED,0.007618757681469913,0.007618757681469913,0.1139788430000408,2.0590370380000422
heldout,revisions/2026-09-23-r24/results/heldout/seed24102/q12_24/tangent_adam/record.json,tangent_adam,24102,"[12, 24]",50,50,True,CERTIFIED,0.003729531275250109,0.003729531275250109,0.22735443300001634,4.138238923000017
heldout,revisions/2026-09-23-r24/results/heldout/seed24102/q12_24/tangent_adam/record.json,tangent_adam,24102,"[12, 24]",100,100,True,CERTIFIED,0.00239987631013916,0.00239987631013916,0.4559504040000206,6.219028587000025
heldout,revisions/2026-09-23-r24/results/heldout/seed24102/q12_24/tangent_adam/record.json,tangent_adam,24102,"[12, 24]",200,200,True,CERTIFIED,0.0021915848039382184,0.0021915848039382184,0.9182029860000398,8.29760323000005
heldout,revisions/2026-09-23-r24/results/heldout/seed24102/q12_24/tangent_adam/record.json,tangent_adam,24102,"[12, 24]",400,400,True,CERTIFIED,0.0021571819096870564,0.0021571819096870564,1.8313662630000636,10.364805015000059
heldout,revisions/2026-09-23-r24/results/heldout/seed24102/q12_24/white_adam/record.json,white_adam,24102,"[12, 24]",25,25,True,CERTIFIED,0.029251937041200552,0.029251937041200552,0.11640871699995614,2.0750301439999816
heldout,revisions/2026-09-23-r24/results/heldout/seed24102/q12_24/white_adam/record.json,white_adam,24102,"[12, 24]",50,50,True,CERTIFIED,0.025023101027097597,0.025023101027097597,0.22992888399994627,4.149766659999955
heldout,revisions/2026-09-23-r24/results/heldout/seed24102/q12_24/white_adam/record.json,white_adam,24102,"[12, 24]",100,100,True,CERTIFIED,0.021376769589500636,0.021376769589500636,0.4639297790000114,6.229727679999996
heldout,revisions/2026-09-23-r24/results/heldout/seed24102/q12_24/white_adam/record.json,white_adam,24102,"[12, 24]",200,200,True,CERTIFIED,0.02103721878555143,0.02103721878555143,0.9238095970000018,8.29929473499999
heldout,revisions/2026-09-23-r24/results/heldout/seed24102/q12_24/white_adam/record.json,white_adam,24102,"[12, 24]",400,400,True,CERTIFIED,0.01753456650033303,0.01753456650033303,1.8380619799999067,10.375298641000029
heldout,revisions/2026-09-23-r24/results/heldout/seed24102/q8_16/diagonal_adam/record.json,diagonal_adam,24102,"[8, 16]",25,25,True,CERTIFIED,0.006559435824518679,0.006559435824518679,0.07337060899999415,2.0472246369999993
heldout,revisions/2026-09-23-r24/results/heldout/seed24102/q8_16/diagonal_adam/record.json,diagonal_adam,24102,"[8, 16]",50,50,True,CERTIFIED,0.0031282668260523843,0.0031282668260523843,0.14768903999998884,4.123702865999974
heldout,revisions/2026-09-23-r24/results/heldout/seed24102/q8_16/diagonal_adam/record.json,diagonal_adam,24102,"[8, 16]",100,100,True,CERTIFIED,0.0024079750289589534,0.0024079750289589534,0.29503881199997295,6.211511401999985
heldout,revisions/2026-09-23-r24/results/heldout/seed24102/q8_16/diagonal_adam/record.json,diagonal_adam,24102,"[8, 16]",200,200,True,CERTIFIED,0.0021279750146709913,0.0021279750146709913,0.5884918140000082,8.278497173999995
heldout,revisions/2026-09-23-r24/results/heldout/seed24102/q8_16/diagonal_adam/record.json,diagonal_adam,24102,"[8, 16]",400,400,True,CERTIFIED,0.0020025216625403357,0.0020025216625403357,1.1755751000000032,10.340966846999947
heldout,revisions/2026-09-23-r24/results/heldout/seed24102/q8_16/direct_adam/record.json,direct_adam,24102,"[8, 16]",25,25,True,CERTIFIED,0.009526627098196185,0.009526627098196185,0.07403999500007785,2.1010995390000176
heldout,revisions/2026-09-23-r24/results/heldout/seed24102/q8_16/direct_adam/record.json,direct_adam,24102,"[8, 16]",50,50,True,CERTIFIED,0.0040245525177538,0.0040245525177538,0.14744895600011887,4.2027951750000625
heldout,revisions/2026-09-23-r24/results/heldout/seed24102/q8_16/direct_adam/record.json,direct_adam,24102,"[8, 16]",100,100,True,CERTIFIED,0.002684522133929335,0.002684522133929335,0.2957706950001011,6.31784610200009
heldout,revisions/2026-09-23-r24/results/heldout/seed24102/q8_16/direct_adam/record.json,direct_adam,24102,"[8, 16]",200,200,True,CERTIFIED,0.0022282135489291037,0.0022282135489291037,0.5903345050000439,8.427322786000047
heldout,revisions/2026-09-23-r24/results/heldout/seed24102/q8_16/direct_adam/record.json,direct_adam,24102,"[8, 16]",400,400,True,CERTIFIED,0.002039227052281545,0.002039227052281545,1.1823327930000005,10.500091325000028
heldout,revisions/2026-09-23-r24/results/heldout/seed24102/q8_16/direct_lbfgsb/record.json,direct_lbfgsb,24102,"[8, 16]",25,25,True,CERTIFIED,0.0019305420831354783,0.0019305420831354783,0.07262636899997688,2.075446467000006
heldout,revisions/2026-09-23-r24/results/heldout/seed24102/q8_16/direct_lbfgsb/record.json,direct_lbfgsb,24102,"[8, 16]",50,50,True,CERTIFIED,0.0019236885814586382,0.0019236885814586382,0.14394602900000564,4.142818172000034
heldout,revisions/2026-09-23-r24/results/heldout/seed24102/q8_16/direct_lbfgsb/record.json,direct_lbfgsb,24102,"[8, 16]",100,100,True,CERTIFIED,0.0019232962195745442,0.0019232962195745442,0.2880934419999903,6.217173391000017
heldout,revisions/2026-09-23-r24/results/heldout/seed24102/q8_16/direct_lbfgsb/record.json,direct_lbfgsb,24102,"[8, 16]",200,119,False,CERTIFIED,0.0019232953928507437,0.0019232962195745442,0.3427640499999711,8.28836336500001
heldout,revisions/2026-09-23-r24/results/heldout/seed24102/q8_16/direct_lbfgsb/record.json,direct_lbfgsb,24102,"[8, 16]",400,119,False,CERTIFIED,0.0019232953928507437,0.0019232962195745442,0.3427640499999711,10.365441824000015
heldout,revisions/2026-09-23-r24/results/heldout/seed24102/q8_16/neural_adam/record.json,neural_adam,24102,"[8, 16]",25,25,True,CERTIFIED,0.0020274606151706735,0.0020274606151706735,0.0852703069999734,2.1101520720000053
heldout,revisions/2026-09-23-r24/results/heldout/seed24102/q8_16/neural_adam/record.json,neural_adam,24102,"[8, 16]",50,50,True,CERTIFIED,0.00194562084188199,0.00194562084188199,0.16703089899999668,4.202691526000024
heldout,revisions/2026-09-23-r24/results/heldout/seed24102/q8_16/neural_adam/record.json,neural_adam,24102,"[8, 16]",100,100,True,CERTIFIED,0.0019338411753255793,0.0019338411753255793,0.3293026080000345,6.290999194000051
heldout,revisions/2026-09-23-r24/results/heldout/seed24102/q8_16/neural_adam/record.json,neural_adam,24102,"[8, 16]",200,200,True,CERTIFIED,0.0019282324702081246,0.0019282324702081246,0.651325498999995,8.371944790000043
heldout,revisions/2026-09-23-r24/results/heldout/seed24102/q8_16/neural_adam/record.json,neural_adam,24102,"[8, 16]",400,400,True,CERTIFIED,0.0019257129121523777,0.0019257129121523777,1.2998381190000146,10.448086998000008
heldout,revisions/2026-09-23-r24/results/heldout/seed24102/q8_16/neural_lbfgsb/record.json,neural_lbfgsb,24102,"[8, 16]",25,25,True,CERTIFIED,0.0019421982437861642,0.0019421982437861642,0.0785588319999988,2.069722578999972
heldout,revisions/2026-09-23-r24/results/heldout/seed24102/q8_16/neural_lbfgsb/record.json,neural_lbfgsb,24102,"[8, 16]",50,50,True,CERTIFIED,0.0019328260854405423,0.0019328260854405423,0.15994999999998072,4.1608009119999565
heldout,revisions/2026-09-23-r24/results/heldout/seed24102/q8_16/neural_lbfgsb/record.json,neural_lbfgsb,24102,"[8, 16]",100,100,True,CERTIFIED,0.0019245461938408594,0.0019245461938408594,0.316871639999988,6.3135101399999485
heldout,revisions/2026-09-23-r24/results/heldout/seed24102/q8_16/neural_lbfgsb/record.json,neural_lbfgsb,24102,"[8, 16]",200,200,True,CERTIFIED,0.0019235329068323372,0.0019235329068323372,0.6313303430000019,8.425417182999979
heldout,revisions/2026-09-23-r24/results/heldout/seed24102/q8_16/neural_lbfgsb/record.json,neural_lbfgsb,24102,"[8, 16]",400,400,False,CERTIFIED,0.0019233730572369991,0.0019235329068323372,1.2612278830000037,10.504554103999965
heldout,revisions/2026-09-23-r24/results/heldout/seed24102/q8_16/tangent_adam/record.json,tangent_adam,24102,"[8, 16]",25,25,True,CERTIFIED,0.007618824590316376,0.007618824590316376,0.07363597200003369,2.0686068530000057
heldout,revisions/2026-09-23-r24/results/heldout/seed24102/q8_16/tangent_adam/record.json,tangent_adam,24102,"[8, 16]",50,50,True,CERTIFIED,0.0037295508210202226,0.0037295508210202226,0.1476250280001068,4.1356792850000375
heldout,revisions/2026-09-23-r24/results/heldout/seed24102/q8_16/tangent_adam/record.json,tangent_adam,24102,"[8, 16]",100,100,True,CERTIFIED,0.0023999261393483633,0.0023999261393483633,0.29520954200012284,6.205265410000038
heldout,revisions/2026-09-23-r24/results/heldout/seed24102/q8_16/tangent_adam/record.json,tangent_adam,24102,"[8, 16]",200,200,True,CERTIFIED,0.0021916361595486493,0.0021916361595486493,0.5884217510001122,8.262576072000059
heldout,revisions/2026-09-23-r24/results/heldout/seed24102/q8_16/tangent_adam/record.json,tangent_adam,24102,"[8, 16]",400,400,True,CERTIFIED,0.0021572316161435627,0.0021572316161435627,1.1769468830000847,10.33875752900002
heldout,revisions/2026-09-23-r24/results/heldout/seed24102/q8_16/white_adam/record.json,white_adam,24102,"[8, 16]",25,25,True,CERTIFIED,0.029251931471828477,0.029251931471828477,0.07341824100001304,2.0511587409999947
heldout,revisions/2026-09-23-r24/results/heldout/seed24102/q8_16/white_adam/record.json,white_adam,24102,"[8, 16]",50,50,True,CERTIFIED,0.025022949820967536,0.025022949820967536,0.14771211899994796,4.109107166000001
heldout,revisions/2026-09-23-r24/results/heldout/seed24102/q8_16/white_adam/record.json,white_adam,24102,"[8, 16]",100,100,True,CERTIFIED,0.021376499429232924,0.021376499429232924,0.29449753400001555,6.174428177999971
heldout,revisions/2026-09-23-r24/results/heldout/seed24102/q8_16/white_adam/record.json,white_adam,24102,"[8, 16]",200,200,True,CERTIFIED,0.021036883117579567,0.021036883117579567,0.5904388749999612,8.241999985999996
heldout,revisions/2026-09-23-r24/results/heldout/seed24102/q8_16/white_adam/record.json,white_adam,24102,"[8, 16]",400,400,True,CERTIFIED,0.017534219158449996,0.017534219158449996,1.1780099400000381,10.34280491200002
multicell,revisions/2026-09-23-r24/results/multicell/vertex0/direct_adam/record.json,direct_adam,24300,--,400,400,True,CERTIFIED,0.002708728633279201,0.002708728633279201,1.170765842000037,2.070907643000055
multicell,revisions/2026-09-23-r24/results/multicell/vertex0/direct_lbfgsb/record.json,direct_lbfgsb,24300,--,400,46,True,CERTIFIED,0.0025871595070883218,0.0025871595070883218,0.13271085999997467,2.068998188000023
multicell,revisions/2026-09-23-r24/results/multicell/vertex0/neural_adam/record.json,neural_adam,24300,--,400,400,True,CERTIFIED,0.0025893045251610407,0.0025893045251610407,1.3095038550000027,2.0655521119999776
multicell,revisions/2026-09-23-r24/results/multicell/vertex0/tangent_adam/record.json,tangent_adam,24300,--,400,400,True,CERTIFIED,0.0026926153830713066,0.0026926153830713066,1.180517780999935,2.073257889000047
multicell,revisions/2026-09-23-r24/results/multicell/vertex1/direct_adam/record.json,direct_adam,24301,--,400,400,True,CERTIFIED,0.0026131477933797336,0.0026131477933797336,1.168160428999954,2.0735949940000182
multicell,revisions/2026-09-23-r24/results/multicell/vertex1/direct_lbfgsb/record.json,direct_lbfgsb,24301,--,400,161,True,CERTIFIED,0.002488111135906746,0.002488111135906746,0.46285775899991677,2.0723132219999343
multicell,revisions/2026-09-23-r24/results/multicell/vertex1/neural_adam/record.json,neural_adam,24301,--,400,400,True,CERTIFIED,0.002491674678488654,0.002491674678488654,1.3116066999999703,2.0772604700000556
multicell,revisions/2026-09-23-r24/results/multicell/vertex1/tangent_adam/record.json,tangent_adam,24301,--,400,400,True,CERTIFIED,0.0026765243452824277,0.0026765243452824277,1.1685499989999926,2.0696717040000294
multicell,revisions/2026-09-23-r24/results/multicell/vertex2/direct_adam/record.json,direct_adam,24302,--,400,400,True,CERTIFIED,0.004398789916329139,0.004398789916329139,1.1679638920001025,2.0884412650000286
multicell,revisions/2026-09-23-r24/results/multicell/vertex2/direct_lbfgsb/record.json,direct_lbfgsb,24302,--,400,181,True,CERTIFIED,0.004274862245436052,0.004274862245436052,0.518311335999897,2.1046903510000448
multicell,revisions/2026-09-23-r24/results/multicell/vertex2/neural_adam/record.json,neural_adam,24302,--,400,400,True,CERTIFIED,0.004280525835585803,0.004280525835585803,1.2988634820000016,2.075742554000044
multicell,revisions/2026-09-23-r24/results/multicell/vertex2/tangent_adam/record.json,tangent_adam,24302,--,400,400,True,CERTIFIED,0.004508255952495822,0.004508255952495822,1.1635063139999602,2.0736185670000395
multicell,revisions/2026-09-23-r24/results/multicell/vertex3/direct_adam/record.json,direct_adam,24303,--,400,400,True,CERTIFIED,0.0023799770396086832,0.0023799770396086832,1.1701575359999197,2.082930777999991
multicell,revisions/2026-09-23-r24/results/multicell/vertex3/direct_lbfgsb/record.json,direct_lbfgsb,24303,--,400,84,True,CERTIFIED,0.002267455876511671,0.002267455876511671,0.24235715400004665,2.0725750290000633
multicell,revisions/2026-09-23-r24/results/multicell/vertex3/neural_adam/record.json,neural_adam,24303,--,400,400,True,CERTIFIED,0.002270648533083009,0.002270648533083009,1.308106782999971,2.1192714690000685
multicell,revisions/2026-09-23-r24/results/multicell/vertex3/tangent_adam/record.json,tangent_adam,24303,--,400,400,True,CERTIFIED,0.0024405530166116134,0.0024405530166116134,1.1674645290000853,2.070604889999913
multicell,revisions/2026-09-23-r24/results/multicell/vertex4/direct_adam/record.json,direct_adam,24304,--,400,400,True,CERTIFIED,0.002145887124555879,0.002145887124555879,1.1762807139999722,2.0659311229999275
multicell,revisions/2026-09-23-r24/results/multicell/vertex4/direct_lbfgsb/record.json,direct_lbfgsb,24304,--,400,202,True,CERTIFIED,0.0020302977599213627,0.0020302977599213627,0.5792625650000218,2.0717519319999838
multicell,revisions/2026-09-23-r24/results/multicell/vertex4/neural_adam/record.json,neural_adam,24304,--,400,400,True,CERTIFIED,0.002036149890628503,0.002036149890628503,1.2974966900000027,2.061448976999941
multicell,revisions/2026-09-23-r24/results/multicell/vertex4/tangent_adam/record.json,tangent_adam,24304,--,400,400,True,CERTIFIED,0.002185027133895901,0.002185027133895901,1.1758824049999248,2.0748150439999336
multicell,revisions/2026-09-23-r24/results/multicell/vertex5/direct_adam/record.json,direct_adam,24305,--,400,400,True,CERTIFIED,0.0038104841733939136,0.0038104841733939136,1.1779270619999807,2.0567271849999997
multicell,revisions/2026-09-23-r24/results/multicell/vertex5/direct_lbfgsb/record.json,direct_lbfgsb,24305,--,400,167,True,CERTIFIED,0.0036969304865845935,0.0036969304865845935,0.4783155169999418,2.0665133420000075
multicell,revisions/2026-09-23-r24/results/multicell/vertex5/neural_adam/record.json,neural_adam,24305,--,400,400,True,CERTIFIED,0.0036987798917407226,0.0036987798917407226,1.3075991270000031,2.1046133879999616
multicell,revisions/2026-09-23-r24/results/multicell/vertex5/tangent_adam/record.json,tangent_adam,24305,--,400,400,True,CERTIFIED,0.0038466381166599732,0.0038466381166599732,1.1664213750000272,2.064598020999938
multicell,revisions/2026-09-23-r24/results/multicell/vertex6/direct_adam/record.json,direct_adam,24306,--,400,400,True,CERTIFIED,0.002767599058502768,0.002767599058502768,1.179365235999967,2.062866000999975
multicell,revisions/2026-09-23-r24/results/multicell/vertex6/direct_lbfgsb/record.json,direct_lbfgsb,24306,--,400,81,True,CERTIFIED,0.0026646455601002654,0.0026646455601002654,0.23529157199993733,2.0859586879998915
multicell,revisions/2026-09-23-r24/results/multicell/vertex6/neural_adam/record.json,neural_adam,24306,--,400,400,True,CERTIFIED,0.0026675812857817065,0.0026675812857817065,1.3098279210000783,2.0622860519999904
multicell,revisions/2026-09-23-r24/results/multicell/vertex6/tangent_adam/record.json,tangent_adam,24306,--,400,400,True,CERTIFIED,0.0027991480851030652,0.0027991480851030652,1.1778226690000793,2.0774879869999268
multicell,revisions/2026-09-23-r24/results/multicell/vertex7/direct_adam/record.json,direct_adam,24307,--,400,400,True,CERTIFIED,0.0023954116321280865,0.0023954116321280865,1.1726931940000895,2.075423305000072
multicell,revisions/2026-09-23-r24/results/multicell/vertex7/direct_lbfgsb/record.json,direct_lbfgsb,24307,--,400,169,True,CERTIFIED,0.002288316363789456,0.002288316363789456,0.4856502919999457,2.061242716000038
multicell,revisions/2026-09-23-r24/results/multicell/vertex7/neural_adam/record.json,neural_adam,24307,--,400,400,True,CERTIFIED,0.002291285480942929,0.002291285480942929,1.3042685870000241,2.061554524999906
multicell,revisions/2026-09-23-r24/results/multicell/vertex7/tangent_adam/record.json,tangent_adam,24307,--,400,400,True,CERTIFIED,0.0024259192090856367,0.0024259192090856367,1.1770663680000553,2.08625164700004
multicell,revisions/2026-09-23-r24/results/multicell/vertex8/direct_adam/record.json,direct_adam,24308,--,400,400,True,CERTIFIED,0.003940200658016702,0.003940200658016702,1.1694028870000466,2.061531374000083
multicell,revisions/2026-09-23-r24/results/multicell/vertex8/direct_lbfgsb/record.json,direct_lbfgsb,24308,--,400,159,True,CERTIFIED,0.0038343955700856918,0.0038343955700856918,0.4554497489999676,2.089485083999989
multicell,revisions/2026-09-23-r24/results/multicell/vertex8/neural_adam/record.json,neural_adam,24308,--,400,400,True,CERTIFIED,0.0038373653392413947,0.0038373653392413947,1.3067903859999888,2.0586317639999834
multicell,revisions/2026-09-23-r24/results/multicell/vertex8/tangent_adam/record.json,tangent_adam,24308,--,400,400,True,CERTIFIED,0.003973638639497957,0.003973638639497957,1.1701936189999742,2.0685079549999728
reference,revisions/2026-09-23-r24/results/reference/seed24501/diagonal_adam/record.json,diagonal_adam,24501,--,25,25,True,CERTIFIED,0.03990656555644146,0.03990656555644146,0.01339353500000584,0.013333011000014494
reference,revisions/2026-09-23-r24/results/reference/seed24501/diagonal_adam/record.json,diagonal_adam,24501,--,50,50,True,CERTIFIED,0.009469329137037798,0.009469329137037798,0.025457245000012563,0.026570394000003716
reference,revisions/2026-09-23-r24/results/reference/seed24501/diagonal_adam/record.json,diagonal_adam,24501,--,100,100,True,CERTIFIED,0.0028765661337679664,0.0028765661337679664,0.04977836700001603,0.03972830800000793
reference,revisions/2026-09-23-r24/results/reference/seed24501/diagonal_adam/record.json,diagonal_adam,24501,--,200,200,True,CERTIFIED,0.0006225281898779579,0.0006225281898779579,0.0986806070000057,0.05311668299998473
reference,revisions/2026-09-23-r24/results/reference/seed24501/diagonal_adam/record.json,diagonal_adam,24501,--,400,400,True,CERTIFIED,5.270607106266923e-05,5.270607106266923e-05,0.19582032499999968,0.06624201599998969
reference,revisions/2026-09-23-r24/results/reference/seed24501/direct_adam/record.json,direct_adam,24501,--,25,25,True,CERTIFIED,0.03943667417803632,0.03943667417803632,0.013267548999976952,0.013309037999988504
reference,revisions/2026-09-23-r24/results/reference/seed24501/direct_adam/record.json,direct_adam,24501,--,50,50,True,CERTIFIED,0.009315525482947786,0.009315525482947786,0.02608924499998011,0.026434942999969735
reference,revisions/2026-09-23-r24/results/reference/seed24501/direct_adam/record.json,direct_adam,24501,--,100,100,True,CERTIFIED,0.0028297539966253287,0.0028297539966253287,0.05045441899997627,0.03957708799995885
reference,revisions/2026-09-23-r24/results/reference/seed24501/direct_adam/record.json,direct_adam,24501,--,200,200,True,CERTIFIED,0.0006097072370900848,0.0006097072370900848,0.09979054999999448,0.052809430999957385
reference,revisions/2026-09-23-r24/results/reference/seed24501/direct_adam/record.json,direct_adam,24501,--,400,400,True,CERTIFIED,5.0260204162544404e-05,5.0260204162544404e-05,0.1974684639999964,0.06587538299996254
reference,revisions/2026-09-23-r24/results/reference/seed24501/direct_lbfgsb/record.json,direct_lbfgsb,24501,--,25,14,True,CERTIFIED,3.392841563254479e-13,3.392841563254479e-13,0.007023973999991995,0.013281666000011683
reference,revisions/2026-09-23-r24/results/reference/seed24501/direct_lbfgsb/record.json,direct_lbfgsb,24501,--,50,14,False,CERTIFIED,3.392841563254479e-13,3.392841563254479e-13,0.007023973999991995,0.02661966700000562
reference,revisions/2026-09-23-r24/results/reference/seed24501/direct_lbfgsb/record.json,direct_lbfgsb,24501,--,100,14,False,CERTIFIED,3.392841563254479e-13,3.392841563254479e-13,0.007023973999991995,0.04045374500000776
reference,revisions/2026-09-23-r24/results/reference/seed24501/direct_lbfgsb/record.json,direct_lbfgsb,24501,--,200,14,False,CERTIFIED,3.392841563254479e-13,3.392841563254479e-13,0.007023973999991995,0.05366175300002851
reference,revisions/2026-09-23-r24/results/reference/seed24501/direct_lbfgsb/record.json,direct_lbfgsb,24501,--,400,14,False,CERTIFIED,3.392841563254479e-13,3.392841563254479e-13,0.007023973999991995,0.06707079700001373
reference,revisions/2026-09-23-r24/results/reference/seed24501/neural_adam/record.json,neural_adam,24501,--,25,25,True,CERTIFIED,0.0027850775707762847,0.0027850775707762847,0.021544564000009814,0.013270684999980631
reference,revisions/2026-09-23-r24/results/reference/seed24501/neural_adam/record.json,neural_adam,24501,--,50,50,False,CERTIFIED,0.0027976394372153384,0.0027850775707762847,0.041282432999992125,0.026635315999982367
reference,revisions/2026-09-23-r24/results/reference/seed24501/neural_adam/record.json,neural_adam,24501,--,100,100,False,CERTIFIED,0.0027973119410931173,0.0027850775707762847,0.08119396399999346,0.03985592799998017
reference,revisions/2026-09-23-r24/results/reference/seed24501/neural_adam/record.json,neural_adam,24501,--,200,200,False,CERTIFIED,0.0027913719245735717,0.0027850775707762847,0.16163779699999736,0.05278179899997326
reference,revisions/2026-09-23-r24/results/reference/seed24501/neural_adam/record.json,neural_adam,24501,--,400,400,True,CERTIFIED,0.002771189642140737,0.002771189642140737,0.32047583299998905,0.06580941999996526
reference,revisions/2026-09-23-r24/results/reference/seed24501/tangent_adam/record.json,tangent_adam,24501,--,25,25,True,CERTIFIED,0.00022732844231976304,0.00022732844231976304,0.012911925000025803,0.014086428999974032
reference,revisions/2026-09-23-r24/results/reference/seed24501/tangent_adam/record.json,tangent_adam,24501,--,50,50,False,CERTIFIED,0.0006178225916642078,0.00022732844231976304,0.025626511000012897,0.0275413589999971
reference,revisions/2026-09-23-r24/results/reference/seed24501/tangent_adam/record.json,tangent_adam,24501,--,100,100,False,CERTIFIED,0.00046515087267495764,0.00022732844231976304,0.05022462100001235,0.0408085079999978
reference,revisions/2026-09-23-r24/results/reference/seed24501/tangent_adam/record.json,tangent_adam,24501,--,200,200,True,CERTIFIED,8.939760001647203e-05,8.939760001647203e-05,0.09927075900000659,0.05397368599997776
reference,revisions/2026-09-23-r24/results/reference/seed24501/tangent_adam/record.json,tangent_adam,24501,--,400,400,True,CERTIFIED,1.9556855897828743e-05,1.9556855897828743e-05,0.19701356400000236,0.06695087299996771
reference,revisions/2026-09-23-r24/results/reference/seed24501/white_adam/record.json,white_adam,24501,--,25,25,True,CERTIFIED,0.619446144019301,0.619446144019301,0.013002915000015491,0.01311908200000289
reference,revisions/2026-09-23-r24/results/reference/seed24501/white_adam/record.json,white_adam,24501,--,50,50,True,CERTIFIED,0.6132250806906808,0.6132250806906808,0.025275977000006833,0.02639759199999503
reference,revisions/2026-09-23-r24/results/reference/seed24501/white_adam/record.json,white_adam,24501,--,100,100,True,CERTIFIED,0.6011500006430898,0.6011500006430898,0.049537657999991325,0.03960687299999677
reference,revisions/2026-09-23-r24/results/reference/seed24501/white_adam/record.json,white_adam,24501,--,200,200,True,CERTIFIED,0.5778786221053883,0.5778786221053883,0.09823036599999568,0.05263905300000715
reference,revisions/2026-09-23-r24/results/reference/seed24501/white_adam/record.json,white_adam,24501,--,400,400,True,CERTIFIED,0.5345056898811481,0.5345056898811481,0.19596185000000332,0.06563578600000142
reference,revisions/2026-09-23-r24/results/reference/seed24502/diagonal_adam/record.json,diagonal_adam,24502,--,25,25,True,CERTIFIED,0.04276525587022429,0.04276525587022429,0.013110906000008526,0.013250837999976284
reference,revisions/2026-09-23-r24/results/reference/seed24502/diagonal_adam/record.json,diagonal_adam,24502,--,50,50,True,CERTIFIED,0.010301029749553605,0.010301029749553605,0.025376854000001003,0.026442745999986528
reference,revisions/2026-09-23-r24/results/reference/seed24502/diagonal_adam/record.json,diagonal_adam,24502,--,100,100,True,CERTIFIED,0.0031395465068388977,0.0031395465068388977,0.04995033800000215,0.03963495399997896
reference,revisions/2026-09-23-r24/results/reference/seed24502/diagonal_adam/record.json,diagonal_adam,24502,--,200,200,True,CERTIFIED,0.0006938143804489095,0.0006938143804489095,0.09909328800000594,0.05292411399997832
reference,revisions/2026-09-23-r24/results/reference/seed24502/diagonal_adam/record.json,diagonal_adam,24502,--,400,400,True,CERTIFIED,6.450276483649377e-05,6.450276483649377e-05,0.19746037900000601,0.06631400199998438
reference,revisions/2026-09-23-r24/results/reference/seed24502/direct_adam/record.json,direct_adam,24502,--,25,25,True,CERTIFIED,0.04104910038275245,0.04104910038275245,0.013182780999983379,0.013351196000002119
reference,revisions/2026-09-23-r24/results/reference/seed24502/direct_adam/record.json,direct_adam,24502,--,50,50,True,CERTIFIED,0.009724780996740902,0.009724780996740902,0.025830101999986255,0.026751583999981676
reference,revisions/2026-09-23-r24/results/reference/seed24502/direct_adam/record.json,direct_adam,24502,--,100,100,True,CERTIFIED,0.002963732088643756,0.002963732088643756,0.05114215500000796,0.040168642999987014
reference,revisions/2026-09-23-r24/results/reference/seed24502/direct_adam/record.json,direct_adam,24502,--,200,200,True,CERTIFIED,0.000645218229145872,0.000645218229145872,0.10049622899998667,0.05337698199997476
reference,revisions/2026-09-23-r24/results/reference/seed24502/direct_adam/record.json,direct_adam,24502,--,400,400,True,CERTIFIED,5.492340397061924e-05,5.492340397061924e-05,0.19931358200000204,0.066531389999966
reference,revisions/2026-09-23-r24/results/reference/seed24502/direct_lbfgsb/record.json,direct_lbfgsb,24502,--,25,14,True,CERTIFIED,9.192646643896297e-14,9.192646643896297e-14,0.006766198999997641,0.013336981999998443
reference,revisions/2026-09-23-r24/results/reference/seed24502/direct_lbfgsb/record.json,direct_lbfgsb,24502,--,50,14,False,CERTIFIED,9.192646643896297e-14,9.192646643896297e-14,0.006766198999997641,0.02649477899998942
reference,revisions/2026-09-23-r24/results/reference/seed24502/direct_lbfgsb/record.json,direct_lbfgsb,24502,--,100,14,False,CERTIFIED,9.192646643896297e-14,9.192646643896297e-14,0.006766198999997641,0.03970828099997448
reference,revisions/2026-09-23-r24/results/reference/seed24502/direct_lbfgsb/record.json,direct_lbfgsb,24502,--,200,14,False,CERTIFIED,9.192646643896297e-14,9.192646643896297e-14,0.006766198999997641,0.05292760299997212
reference,revisions/2026-09-23-r24/results/reference/seed24502/direct_lbfgsb/record.json,direct_lbfgsb,24502,--,400,14,False,CERTIFIED,9.192646643896297e-14,9.192646643896297e-14,0.006766198999997641,0.0660565569999676
reference,revisions/2026-09-23-r24/results/reference/seed24502/neural_adam/record.json,neural_adam,24502,--,25,25,True,CERTIFIED,0.0015787361446419903,0.0015787361446419903,0.02077079900001877,0.013123920999987604
reference,revisions/2026-09-23-r24/results/reference/seed24502/neural_adam/record.json,neural_adam,24502,--,50,50,True,CERTIFIED,0.0009492613545432073,0.0009492613545432073,0.04072225600000934,0.026314135999967903
reference,revisions/2026-09-23-r24/results/reference/seed24502/neural_adam/record.json,neural_adam,24502,--,100,100,True,CERTIFIED,4.801597881964882e-06,4.801597881964882e-06,0.08092839799999751,0.039430963999990354
reference,revisions/2026-09-23-r24/results/reference/seed24502/neural_adam/record.json,neural_adam,24502,--,200,200,True,CERTIFIED,5.166001271206256e-08,5.166001271206256e-08,0.1609154680000131,0.052644191999974055
reference,revisions/2026-09-23-r24/results/reference/seed24502/neural_adam/record.json,neural_adam,24502,--,400,400,True,CERTIFIED,3.620556521255481e-08,3.620556521255481e-08,0.32105129900000406,0.06593644799997378
reference,revisions/2026-09-23-r24/results/reference/seed24502/tangent_adam/record.json,tangent_adam,24502,--,25,25,True,CERTIFIED,1.9603438783821762e-05,1.9603438783821762e-05,0.013399064999987331,0.013366204000021753
reference,revisions/2026-09-23-r24/results/reference/seed24502/tangent_adam/record.json,tangent_adam,24502,--,50,50,False,CERTIFIED,0.00029553946639948597,1.9603438783821762e-05,0.02580448300000171,0.02681885900000225
reference,revisions/2026-09-23-r24/results/reference/seed24502/tangent_adam/record.json,tangent_adam,24502,--,100,100,False,CERTIFIED,0.00021610779431258112,1.9603438783821762e-05,0.050221403999984204,0.04013997900000277
reference,revisions/2026-09-23-r24/results/reference/seed24502/tangent_adam/record.json,tangent_adam,24502,--,200,200,False,CERTIFIED,3.5455227198610835e-05,1.9603438783821762e-05,0.09910924799999066,0.053422576000002664
reference,revisions/2026-09-23-r24/results/reference/seed24502/tangent_adam/record.json,tangent_adam,24502,--,400,400,True,CERTIFIED,8.427594421434039e-06,8.427594421434039e-06,0.1973697189999939,0.06693713699999648
reference,revisions/2026-09-23-r24/results/reference/seed24502/white_adam/record.json,white_adam,24502,--,25,25,True,CERTIFIED,0.637400155387161,0.637400155387161,0.01332794300000728,0.013543639000005214
reference,revisions/2026-09-23-r24/results/reference/seed24502/white_adam/record.json,white_adam,24502,--,50,50,True,CERTIFIED,0.6317612344631415,0.6317612344631415,0.025696382999996104,0.0270514209999817
reference,revisions/2026-09-23-r24/results/reference/seed24502/white_adam/record.json,white_adam,24502,--,100,100,True,CERTIFIED,0.6233767186835278,0.6233767186835278,0.05017644299999802,0.040165035000001126
reference,revisions/2026-09-23-r24/results/reference/seed24502/white_adam/record.json,white_adam,24502,--,200,200,True,CERTIFIED,0.604432941010424,0.604432941010424,0.09895522499999743,0.05968715899999211
reference,revisions/2026-09-23-r24/results/reference/seed24502/white_adam/record.json,white_adam,24502,--,400,400,True,CERTIFIED,0.5646301977734637,0.5646301977734637,0.1957500100000118,0.07285371300000065
failure,revisions/2026-09-23-r24/results/failure/direct_restart/record.json,direct_restart,23203,--,25,4,False,CERTIFIED,0.010503066636505133,0.010503067109813415,0.012490761000009343,2.142522738999986
failure,revisions/2026-09-23-r24/results/failure/direct_restart/record.json,direct_restart,23203,--,50,4,False,CERTIFIED,0.010503066636505133,0.010503067109813415,0.012490761000009343,4.282735899999977
failure,revisions/2026-09-23-r24/results/failure/direct_restart/record.json,direct_restart,23203,--,100,4,False,CERTIFIED,0.010503066636505133,0.010503067109813415,0.012490761000009343,6.419140421999998
failure,revisions/2026-09-23-r24/results/failure/direct_restart/record.json,direct_restart,23203,--,200,4,False,CERTIFIED,0.010503066636505133,0.010503067109813415,0.012490761000009343,8.567631090999981
failure,revisions/2026-09-23-r24/results/failure/direct_restart/record.json,direct_restart,23203,--,400,4,False,CERTIFIED,0.010503066636505133,0.010503067109813415,0.012490761000009343,10.70405947599997
failure,revisions/2026-09-23-r24/results/failure/regenerated/record.json,regenerated,23203,--,25,25,True,CERTIFIED,0.010503332866558692,0.010503332866558692,0.08413901900001974,2.194870352999999
failure,revisions/2026-09-23-r24/results/failure/regenerated/record.json,regenerated,23203,--,50,50,False,CERTIFIED,0.01050308646410847,0.010503332866558692,0.16396905900001002,4.376900368999998
failure,revisions/2026-09-23-r24/results/failure/regenerated/record.json,regenerated,23203,--,100,92,False,CERTIFIED,0.010503067109813415,0.010503332866558692,0.2988636460000009,6.587895322999998
failure,revisions/2026-09-23-r24/results/failure/regenerated/record.json,regenerated,23203,--,200,92,False,CERTIFIED,0.010503067109813415,0.010503332866558692,0.2988636460000009,8.766265229999988
failure,revisions/2026-09-23-r24/results/failure/regenerated/record.json,regenerated,23203,--,400,92,False,CERTIFIED,0.010503067109813415,0.010503332866558692,0.2988636460000009,10.933732221999975
failure,revisions/2026-09-23-r24/results/failure/restart_tighter/record.json,restart_tighter,23203,--,25,25,False,CERTIFIED,0.010503066818239539,0.010503067109813415,0.08247067399997832,2.155225004999977
failure,revisions/2026-09-23-r24/results/failure/restart_tighter/record.json,restart_tighter,23203,--,50,43,False,CERTIFIED,0.010503066797939555,0.010503067109813415,0.14078790499999627,4.301735511999965
failure,revisions/2026-09-23-r24/results/failure/restart_tighter/record.json,restart_tighter,23203,--,100,43,False,CERTIFIED,0.010503066797939555,0.010503067109813415,0.14078790499999627,6.456086753999983
failure,revisions/2026-09-23-r24/results/failure/restart_tighter/record.json,restart_tighter,23203,--,200,43,False,CERTIFIED,0.010503066797939555,0.010503067109813415,0.14078790499999627,8.629088110999987
failure,revisions/2026-09-23-r24/results/failure/restart_tighter/record.json,restart_tighter,23203,--,400,43,False,CERTIFIED,0.010503066797939555,0.010503067109813415,0.14078790499999627,10.771664911999977
failure,revisions/2026-09-23-r24/results/failure/scaled/record.json,scaled,23203,--,25,25,True,CERTIFIED,0.00263968629004463,0.00263968629004463,0.08849875100000304,2.1517146720000255
failure,revisions/2026-09-23-r24/results/failure/scaled/record.json,scaled,23203,--,50,50,True,CERTIFIED,0.0026053191033168503,0.0026053191033168503,0.1775122349999947,4.303353265000027
failure,revisions/2026-09-23-r24/results/failure/scaled/record.json,scaled,23203,--,100,100,True,CERTIFIED,0.0025572892070222513,0.0025572892070222513,0.352111261999994,6.469827271000014
failure,revisions/2026-09-23-r24/results/failure/scaled/record.json,scaled,23203,--,200,200,True,CERTIFIED,0.002556352432317333,0.002556352432317333,0.7079341849999992,8.62856406900002
failure,revisions/2026-09-23-r24/results/failure/scaled/record.json,scaled,23203,--,400,400,True,CERTIFIED,0.0025548266884827258,0.0025548266884827258,1.4222452770000018,10.799946494000011
