documents	path	bytes	sha256	git_blob	derivation	immutable_commits
ECTA	ECTA.tex	4152	a3ed2ba396ab6ea347ce64a4592da119408b8db046c9d66a5b09523adae5a596	13d188d3515b8ed642e0de291666f877724eb326	frozen_editorial_integrator	6263a6099bd3bd1a243eb0cee5d46901be7eafa1
ECTA,supp,applications,response	econsocart.cfg	42800	1c5b38891766f022e2438b0f2792d16d864cd695a082aade1b97340dfbf0165d	164132093c7e2b8dc23276ffcb2e628f654315d1	frozen_source	1cb3cc9efe135966ec228dfaf51c6841a6dfc97c
ECTA,supp,applications,response	econsocart.cls	89269	beaafdb58a0bca1004bfdfd80dd021979c2aa6c87381af1d661f9ee38d30effe	5ea8d92431e5aba2f7b472d2929e7e097fb5e669	frozen_source	1cb3cc9efe135966ec228dfaf51c6841a6dfc97c
ECTA,supp,applications	ecta-fullname.bst	30218	846c2efe952b686ddd5d439a83d4fd6c34495514cc5d4e6ccb9eb892f34453f7	ef1dae0619b7bd4f120cc8f6d5f8dc065b6adcb4	frozen_source	1cb3cc9efe135966ec228dfaf51c6841a6dfc97c
ECTA,supp,applications	revision_reference.bib	3949	91dda9b013ebd82b37d64c82480da524b468be4e00d5a23ce0cc7c5ecae7c5f4	bf577e9aed815f36b2368f72805114d5abd96388	frozen_source	1cb3cc9efe135966ec228dfaf51c6841a6dfc97c
applications	revisions/2026-10-04-r16/applications.tex	2075	781904c755a67bd32164e76591adcece6258e8cdab02b6ff4984d338390d768f	cacc8e3c3070821049514b1c888937e7381c6bbd	frozen_editorial_integrator	6263a6099bd3bd1a243eb0cee5d46901be7eafa1
applications	revisions/2026-10-04-r16/manuscript/applications_guide.tex	3579	b0cf4df763496ca1dced238e20d0d84022de7d0c0673066057c78488c8c902e6	74ac6c84fd2e043403a927ad3a188666de54fc73	frozen_source	6263a6099bd3bd1a243eb0cee5d46901be7eafa1
ECTA	revisions/2026-10-04-r16/manuscript/computational_design.tex	6788	d9ef53f92444a376701fa59bfce801abc64a1f2b59de912cb5d3911cfa6f2167	0e3ef984108cc980c156d85a46b2245a04d63491	frozen_source	6263a6099bd3bd1a243eb0cee5d46901be7eafa1
ECTA	revisions/2026-10-04-r16/manuscript/conclusion.tex	2606	d9b9aa4d752bd8623e0ec1f3c0be91ad5441bcdf72a7843eab7d25765338ea97	cec88dd08c6334046dde3a2978256a6b6667271d	frozen_source	6263a6099bd3bd1a243eb0cee5d46901be7eafa1
ECTA	revisions/2026-10-04-r16/manuscript/current_results.tex	3524	83428785236397a4be3e6b460e3cc25590a7914c34100fac3307ea387efab4a0	22de894a94305b569d7f5152a5a63bde12ca9958	frozen_source	6263a6099bd3bd1a243eb0cee5d46901be7eafa1
ECTA	revisions/2026-10-04-r16/manuscript/historical_evidence_summary.tex	3086	1c5e3f753ff47f77e4bef9fb210b5394a513de1b5b2ec7ec5eb96fd1df9378d8	78db8e8e169e2471f4ff4b326241e2c5886c3678	frozen_source	6263a6099bd3bd1a243eb0cee5d46901be7eafa1
ECTA	revisions/2026-10-04-r16/manuscript/introduction.tex	7079	d890c029c89803dc75ee7795070d32da97a1cf06ba295e47de796c9b980b78b5	eac4e126286e3f7c9a106006e6ba0f89e46b7584	frozen_source	6263a6099bd3bd1a243eb0cee5d46901be7eafa1
ECTA	revisions/2026-10-04-r16/manuscript/literature.tex	2331	015ef7ff6657bffa2566340873f1b1757c93c941f8da4471645f03fc1ef0f306	6549be76d6bb7fa0a40dda001dde34f8c1d57c34	frozen_source	6263a6099bd3bd1a243eb0cee5d46901be7eafa1
ECTA	revisions/2026-10-04-r16/manuscript/menu_comparisons.tex	1735	d5fbed3c001ce54de542ca3cb52891e40a3c0ae980dea04ecdc3b9e2ad570d48	9ae126c5140df3bac5d41e3a586150b82cae6f2e	frozen_source	6263a6099bd3bd1a243eb0cee5d46901be7eafa1
supp	revisions/2026-10-04-r16/manuscript/menu_design_supplement.tex	9553	f6f1780645385f0dfaa1749464199a2f3d51934d93b03e8dacbf4e8618aea8e6	e1efe78d21e39d9529ef0dbe885e7807206ec9d7	frozen_source	6263a6099bd3bd1a243eb0cee5d46901be7eafa1
ECTA	revisions/2026-10-04-r16/manuscript/menu_main_theory.tex	3606	2d61c33dd4679e925a88bf20291d4faf3b2ed9c721ad453375892607e814cbc6	774bc563495b03a9dc73ba3befa19b6e36689f80	frozen_source	6263a6099bd3bd1a243eb0cee5d46901be7eafa1
supp	revisions/2026-10-04-r16/manuscript/menu_record.tex	143	5948763a4e917fd5fce56ef9a8b3fb268cafca8ce90e79920e69ae51e55d6939	351231889889bb8ce6f6d86cbe328628946156c4	frozen_source	6263a6099bd3bd1a243eb0cee5d46901be7eafa1
ECTA	revisions/2026-10-04-r16/manuscript/menu_results.tex	4953	3f706a00c5372ab3a4c1f586c260b79e1fe3047c246e1da1cd515cefa33fa60d	f0995ed5b68fe0580bda4759e12da6e83ed9f9de	frozen_source	6263a6099bd3bd1a243eb0cee5d46901be7eafa1
supp	revisions/2026-10-04-r16/manuscript/menu_shared_work.tex	1370	c4f98f1c7f8f503b60b0d271ae38f383612385b1083da7cc50f432f50b81714c	d390d6887232469fbafbae9949ed31d85b7edee9	frozen_source	6263a6099bd3bd1a243eb0cee5d46901be7eafa1
supp	revisions/2026-10-04-r16/manuscript/menu_theory.tex	13885	4d4047989163139ae3c6b954b6e97931c6c54dcff7782a0405253eefae0f6f16	f7adfa9aadeed2758dcfb737c10b9007c0193c98	frozen_source	503a724817899105a78f8c2fd516f417efb6b483,6263a6099bd3bd1a243eb0cee5d46901be7eafa1
ECTA	revisions/2026-10-04-r16/manuscript/new_theory_summary.tex	1471	62107a4c43b1d48f1c198d54f8a7bbacde38143c2911af21f6c7380a223f50be	c0e6868f244d8c5cf1842c63d4ab4c32ba8fceaa	frozen_source	6263a6099bd3bd1a243eb0cee5d46901be7eafa1
supp	revisions/2026-10-04-r16/manuscript/paired_audit.tex	2147	7e032d13ef0a4f381a42655a6e8cac6c2a642825144e8a81e6dd8e8244d9144b	d63cb6035c1ffa81feee2e4181695ef14f901032	frozen_source	6263a6099bd3bd1a243eb0cee5d46901be7eafa1,7e14a66813f6e5ecb04611ce72914771e02b1dc4
supp	revisions/2026-10-04-r16/manuscript/previous_evidence_guide.tex	1674	f85a5c920b83cafd946715ac0a307b4113e84a3ed01d693c36d18683ccddad7b	0b221e16830e92224a175062de15e9a99f44fd6a	frozen_source	6263a6099bd3bd1a243eb0cee5d46901be7eafa1
supp	revisions/2026-10-04-r16/manuscript/replication_supplement.tex	2075	437da3c77785677e16e990434aa6c464b274a016335905bc630c93f562038941	53e179ac29e84ad36084ce4be4cf026673a59780	frozen_source	6263a6099bd3bd1a243eb0cee5d46901be7eafa1
response	revisions/2026-10-04-r16/manuscript/response_body.tex	29159	04ab6f0fcd67d014b0915e44a06ff7416b5a2a57e66f1650b14580375f26884e	c2a8dcdf7d7525c3084cad5272ae7484faec0a62	frozen_source	6263a6099bd3bd1a243eb0cee5d46901be7eafa1
supp	revisions/2026-10-04-r16/manuscript/robustness_diagnostics_tables.tex	10094	d51d194546da34047e7231f1e76c544aef206a00ccd214945352651f54d82447	ac478ac20810d44c385934e10bfa8386ea588d89	frozen_source	6263a6099bd3bd1a243eb0cee5d46901be7eafa1
ECTA	revisions/2026-10-04-r16/manuscript/robustness_results.tex	3205	3a120ebc0bb334e93a54154e8e12b72715adee4db286e9523d0fb4bd72bbe9bb	26b23c4d4768cadb48049a4c63923bc615c36185	frozen_source	6263a6099bd3bd1a243eb0cee5d46901be7eafa1
supp	revisions/2026-10-04-r16/manuscript/robustness_supplement.tex	7021	d2f43f6ec37c071285c941792e71ad7089487871e39307571cf1d1046c6ef665	746458f0da762be77de05009c2bc4fdf19a524b8	frozen_source	6263a6099bd3bd1a243eb0cee5d46901be7eafa1
supp	revisions/2026-10-04-r16/manuscript/signed_bellman_bridge.tex	10411	f9a8dc96b8dc6863afe8315cb5f10086ae908e313e8718ee22ae68f02ba9bd6f	91a13fbe01a515abfa8b22dca24ed724302a2284	frozen_source	5c4f94740207e950e809c4efd47ba8d9a181984d,6263a6099bd3bd1a243eb0cee5d46901be7eafa1
supp	revisions/2026-10-04-r16/manuscript/source_index.tex	2426	af4cc69c1e33d9360880aa245f4096c7ee327fcdf4b0e325c9a56317226789ac	19fab852cd7256b426bc1557e56c99d2b335323f	frozen_source	6263a6099bd3bd1a243eb0cee5d46901be7eafa1
supp	revisions/2026-10-04-r16/manuscript/supplement_guide.tex	1401	5c78480bb748223e12a2f179edc224e4f910c77e06bb01c960bc07152fc833e3	c13a58e4ccbaff5fc2bd68e4eb1b8602fa39450b	frozen_source	6263a6099bd3bd1a243eb0cee5d46901be7eafa1
ECTA	revisions/2026-10-04-r16/manuscript/theory_guide.tex	1062	4eee0b1afd8c11bbc69282c73342c64360ccf7839345e951be47509227bdbee3	5810ff5e47f194a6728df525c1591187fff42bd6	frozen_source	6263a6099bd3bd1a243eb0cee5d46901be7eafa1
response	revisions/2026-10-04-r16/response.tex	1724	c07915e96eb54e516502c12998ab89cc7e3d15ef2c3469f4a2493f8800d568ed	3268252b00efdf8df7f902c2b36038bb6779cdaa	frozen_editorial_integrator	6263a6099bd3bd1a243eb0cee5d46901be7eafa1
supp	revisions/2026-10-04-r16/results/continuation_menu/report/menu_supplement.tex	437	6cc88aea9ee41848b998cb2bd5d2d3ce7e7fffdbcc9797a22e1b4e6f19f9edc8	cdcc471de5c0eba60173d1ab25ef87add3d544e5	frozen_source	103b6717dac939cb9cd18876f56d889c9e2a751d
supp	revisions/2026-10-04-r16/results/continuation_menu/report/table_menu_all_events.tex	16313	7cf614ab2262e2c517787525ace329f65a7abb2b3f9fe7248ba2e1539af843b3	ec8dfc956c04edfcb8e22352cb93790f211d283e	frozen_source	103b6717dac939cb9cd18876f56d889c9e2a751d
supp	revisions/2026-10-04-r16/results/continuation_menu/report/table_menu_all_scalar.tex	10596	820adbe8011b2d36a96a92aada0e00b7e3fa9465da51486145d7d1c62bfaadbb	99f4bc2ee519b42bc06702c0eaa95ff0fe2e52ab	frozen_source	103b6717dac939cb9cd18876f56d889c9e2a751d
supp	revisions/2026-10-04-r16/results/continuation_menu/report/table_menu_all_work.tex	5808	8fbec2868dc6920106272d8c0cd4d9036a6fed05f7c588abd18212e301d24d4a	9087b0bbda223d9551816e668d7a7ec133ea336a	frozen_source	103b6717dac939cb9cd18876f56d889c9e2a751d
supp	revisions/2026-10-04-r16/results/continuation_menu/report/table_menu_gains.tex	3488	36a06d35bcf2f3e33b9c0fda4d2437bc9724cbda90bb7a937548df1a5be77664	2e3ac1b3914646f76a9015c57600a7501845f7e8	frozen_source	103b6717dac939cb9cd18876f56d889c9e2a751d
ECTA	revisions/2026-10-04-r16/results/continuation_menu/report/table_menu_scalar.tex	1165	a9bf1a185be7d1b2147ad2c8d298f467dc8f726cb3fbfd689a1a52045a80c2fc	f8462fd3c17b0866c759e555e95e6eee56888cf8	frozen_source	103b6717dac939cb9cd18876f56d889c9e2a751d
ECTA	revisions/2026-10-04-r16/results/continuation_menu/report/table_menu_work.tex	1313	f6860c7b2b7959f7dc110e120e290c27d831b763a6527911c514e968d0b4b30d	df49a62cd1411b4b2c22ad8e61fdc7d53ed83bf1	frozen_source	103b6717dac939cb9cd18876f56d889c9e2a751d
ECTA	revisions/2026-10-04-r16/results/replication/report/replication_comparisons.tex	1221	7ff3b4ec3fc7ae4aff87e50e21e65e1d2c01bb95718e991f5aec4cc53825d03d	cb8f7e6f044631331b73049a0afd40fa139df929	frozen_source	2f17d8163a1d1d6b72a32b6ea6d6b683dc62031e
ECTA	revisions/2026-10-04-r16/results/replication/report/replication_methods.tex	1238	64cdf39aa53d739eb04af124e88a800365a6b0d39098e0291a64f83e498a3f4f	1fb57e8f3553e4b919501d6b715b44e6930eb984	frozen_source	2f17d8163a1d1d6b72a32b6ea6d6b683dc62031e
supp	revisions/2026-10-04-r16/results/replication/report/replication_work.tex	781	a35f819e142a942c8d4ab97c5e5cf73266c90e52f336ed2573a7410fa683791a	04de8531fe71332c62a36a209f4a83a578c04707	frozen_source	2f17d8163a1d1d6b72a32b6ea6d6b683dc62031e
ECTA	revisions/2026-10-04-r16/results/robustness/report/robustness_comparisons.tex	2574	370e7562475f0395f0c553805043ebe79ec2adedd7d41a3116a6ddd1ae820307	c23989d94ad5d51970b1c78b147204c244e27d84	frozen_source	0b0b113b8c249d916daf0da22808180ce15caa2f
supp	revisions/2026-10-04-r16/results/robustness/report/robustness_methods.tex	3574	cdd07ab713f6a0a7543ee117f7bb8f35d95b16ed78e9a7e7cf53e0c08c009ecc	6fcf10739d66ced39bc70393f5fc0a3d160ae460	frozen_source	0b0b113b8c249d916daf0da22808180ce15caa2f
supp	revisions/2026-10-04-r16/results/robustness/report/robustness_work.tex	2474	6ab5dd4bd66a886b386f1bbc6b85083a9e98b90594570c4674c5401a3808b5dd	a5a65ba6d3a8f90f17b6e8d807a491f4efe3f69a	frozen_source	0b0b113b8c249d916daf0da22808180ce15caa2f
ECTA	revisions/2026-10-04-r16/results/signed_mechanism/report/signed_main.tex	1387	d4940bcfe467ea508176da93fa623c4374de92073a62bf71e481c7d18db0ccfd	ece4ce6588ab291703df51af49d51acacae4dab1	frozen_source	d74c20877b27b5c4a94d41bac3ec16e9fa5da497
supp	revisions/2026-10-04-r16/results/signed_mechanism/report/signed_supplement.tex	256	bac4bcfab765ca60bf13e395dad61fa953c544e6cac54ca4e76d1490b52dfaab	bc8a80ac23879953bc0d50fbe658d43151f77fea	frozen_source	d74c20877b27b5c4a94d41bac3ec16e9fa5da497
supp	revisions/2026-10-04-r16/results/signed_mechanism/report/table_signed_full.tex	1215	689df17493eac2ab3d0608d3262fd28886d2ecc6bda6b0e98a33d39edf570fd2	a42d092036d77915226bba6f86e06450dfdb308f	frozen_source	d74c20877b27b5c4a94d41bac3ec16e9fa5da497
ECTA	revisions/2026-10-04-r16/results/signed_mechanism/report/table_signed_main.tex	1086	f6a97aed3c067872ad203156b9d28f79bf0eabc70490d5620c17f4829c5f56ac	be9d93789996ef47668b7690fd47c71faefe537a	frozen_source	d74c20877b27b5c4a94d41bac3ec16e9fa5da497
supp	revisions/2026-10-04-r16/results/signed_mechanism/report/table_signed_work.tex	804	cd5498f7b893d4bc8f93037681b3261c0661b84100431dde70ccc9f06dcdec53	4190af7b3543cdbdfcfe694b8213c84f8face751	frozen_source	d74c20877b27b5c4a94d41bac3ec16e9fa5da497
ECTA	revisions/2026-10-04-r16/retained/manuscript/algorithm.tex	1676	9fcbe4f0cb9124c61ec6cfedede6024abda170abb1aa74058d9912115be89d30	1af589395fbd7a3dcd6c75f8ef0dd5799d8b2aa1	frozen_editorial_integrator	1cb3cc9efe135966ec228dfaf51c6841a6dfc97c,6263a6099bd3bd1a243eb0cee5d46901be7eafa1
applications	revisions/2026-10-04-r16/retained/manuscript/appendix_applications.tex	104791	6a097804bfc00329676004244d3f44bb70fb7c255232f416de00412ff9c46cfd	b59880e8abf9f0d0966b4686744d4ff93453e87b	frozen_editorial_integrator	1cb3cc9efe135966ec228dfaf51c6841a6dfc97c,6263a6099bd3bd1a243eb0cee5d46901be7eafa1
supp	revisions/2026-10-04-r16/retained/manuscript/appendix_capital_accounts.tex	27370	93cc0777db68fc4bf800c2c441b572625e1367c6f6efa8f25034619059160740	681ac42de9a163e5b4e360ff74a1b40d0215545f	frozen_editorial_integrator	1cb3cc9efe135966ec228dfaf51c6841a6dfc97c,6263a6099bd3bd1a243eb0cee5d46901be7eafa1
supp	revisions/2026-10-04-r16/retained/manuscript/appendix_diagnostics.tex	22735	db3527bf1c185f778b883d21c96ddf1cdb956ed09ef042bd015d74faa86a6e89	fb6948787664d38632ceb558c8354b31a273eee0	frozen_editorial_integrator	1cb3cc9efe135966ec228dfaf51c6841a6dfc97c,6263a6099bd3bd1a243eb0cee5d46901be7eafa1
supp	revisions/2026-10-04-r16/retained/manuscript/appendix_evaluation.tex	20208	54bc28a1237b16ce224316852f0f5ee9f707292692f3724ee394f74471c79185	7c011e23d8dba9c922e09edfd3ac78a29f7596e9	frozen_editorial_integrator	1cb3cc9efe135966ec228dfaf51c6841a6dfc97c,6263a6099bd3bd1a243eb0cee5d46901be7eafa1
supp	revisions/2026-10-04-r16/retained/manuscript/appendix_implementation.tex	8426	86df0e85c3dfacf91a72ad714c4102213a6272d25072e1343d90ed3a9e051245	71b364a89683dc0d79cd01cbfa66d09911e64d39	frozen_editorial_integrator	1cb3cc9efe135966ec228dfaf51c6841a6dfc97c,6263a6099bd3bd1a243eb0cee5d46901be7eafa1
supp	revisions/2026-10-04-r16/retained/manuscript/appendix_observation.tex	17743	6441f80ecf28972adaacf9cee40008d3760740fac149ba3baa84d4d4db5e1fa8	59669574455a938b59a70fae76bc2a9840156e5d	frozen_editorial_integrator	1cb3cc9efe135966ec228dfaf51c6841a6dfc97c,6263a6099bd3bd1a243eb0cee5d46901be7eafa1
supp	revisions/2026-10-04-r16/retained/manuscript/appendix_proofs.tex	28807	b7f576f13b9202c1cbf1721514f0bb9ff64b0c42b4b25386103d0bcc57602666	844e72d501d080595f44a28c717cc6387a8e5d74	frozen_editorial_integrator	1cb3cc9efe135966ec228dfaf51c6841a6dfc97c,6263a6099bd3bd1a243eb0cee5d46901be7eafa1
supp	revisions/2026-10-04-r16/retained/manuscript/baseline_design.tex	4304	aff2a9b6d77e017185eba7e1411c12a0623b64173349e5877767ff94d80e1569	7949ca2db3b230e6642314458b3ef0512e609de9	frozen_editorial_integrator	1cb3cc9efe135966ec228dfaf51c6841a6dfc97c,6263a6099bd3bd1a243eb0cee5d46901be7eafa1
ECTA	revisions/2026-10-04-r16/retained/manuscript/capital.tex	13740	89db49a444d1790dac5c0bab8d08f9d721df85faaad62c1908d81a5a979767b7	41fdbd5496fa8373792dfd483aa8f642a1d3252a	frozen_editorial_integrator	1cb3cc9efe135966ec228dfaf51c6841a6dfc97c,6263a6099bd3bd1a243eb0cee5d46901be7eafa1
ECTA	revisions/2026-10-04-r16/retained/manuscript/economic_scope.tex	7377	f689b2487dfaf6beb4c1c3ab986b773b1ca68e17811d03261ae2142a7b6ab567	514146f7d138d6eb2555788ac642ac884ce76aea	frozen_editorial_integrator	1cb3cc9efe135966ec228dfaf51c6841a6dfc97c,6263a6099bd3bd1a243eb0cee5d46901be7eafa1
supp	revisions/2026-10-04-r16/retained/manuscript/evidence_baseline.tex	6190	f72048122c7b63aae8007baf644510de50ad74f7078595acc4e00c8a20a262d6	2b062c31be6c0b5861441fcc8a8674ad62a25e3d	frozen_editorial_integrator	1cb3cc9efe135966ec228dfaf51c6841a6dfc97c,6263a6099bd3bd1a243eb0cee5d46901be7eafa1
supp	revisions/2026-10-04-r16/retained/manuscript/experiment_design.tex	3529	3aaadaa3ea5225519c1ba165769ba17b3ec312c78110b5f0f39cede228eb8b62	66bf45c5300c4abb4739a18b58aff4b6e78459ac	frozen_editorial_integrator	1cb3cc9efe135966ec228dfaf51c6841a6dfc97c,6263a6099bd3bd1a243eb0cee5d46901be7eafa1
supp	revisions/2026-10-04-r16/retained/manuscript/experiment_supplement.tex	551	22006d6dee0ebe423de991e7735259719cbb9c3ea8e25d4751eea52eccba40ef	870f50220027e1d78cc9a2d359da48a4abfaebf9	frozen_editorial_integrator	1cb3cc9efe135966ec228dfaf51c6841a6dfc97c,6263a6099bd3bd1a243eb0cee5d46901be7eafa1
ECTA	revisions/2026-10-04-r16/retained/manuscript/fees.tex	1866	96f75a4b30139e1987bbdf9f60444c3d93399023ab5b5922428ab0313f8eb75a	fa5d46f051b8c48c87e5729daa787c781c63a9ec	frozen_editorial_integrator	1cb3cc9efe135966ec228dfaf51c6841a6dfc97c,6263a6099bd3bd1a243eb0cee5d46901be7eafa1
supp	revisions/2026-10-04-r16/retained/manuscript/general_theory.tex	7085	f80c1412ff95ffa792658d199b0cd50bc77016649943960fd4e65b1fe700cf61	f2d97388a1d00b347e21c4c7bb998e220e934d38	frozen_editorial_integrator	1cb3cc9efe135966ec228dfaf51c6841a6dfc97c,6263a6099bd3bd1a243eb0cee5d46901be7eafa1
ECTA	revisions/2026-10-04-r16/retained/manuscript/implementation_summary.tex	2007	eec3762ae5809dfead307025338282aef8b1112e0eacf6eb0ba04fb862267fa0	68b596cc28537b709c253c8fe0aef914d41abb7b	frozen_editorial_integrator	1cb3cc9efe135966ec228dfaf51c6841a6dfc97c,6263a6099bd3bd1a243eb0cee5d46901be7eafa1
supp	revisions/2026-10-04-r16/retained/manuscript/mechanism.tex	6484	2c5167e9fd06c1573bc4562cab57d45aaeac31e3920103ec1f0db20410837c1c	4968ac2feead7dafd1666947e3eb70a530f57adc	frozen_editorial_integrator	1cb3cc9efe135966ec228dfaf51c6841a6dfc97c,6263a6099bd3bd1a243eb0cee5d46901be7eafa1
supp	revisions/2026-10-04-r16/retained/manuscript/mechanism_evidence.tex	576	cbb3db7f4e38bb30527818d1ace59e08b8034af04943c65df6a1ea63ab96d77c	eb1e76c0bd22d7766d8d9b3bd3079929582749ad	frozen_editorial_integrator	1cb3cc9efe135966ec228dfaf51c6841a6dfc97c,6263a6099bd3bd1a243eb0cee5d46901be7eafa1
supp	revisions/2026-10-04-r16/retained/manuscript/mechanism_supplement.tex	563	c1dc678df2fa874a952c98192c32955648c8645eca5e8505972d4c1b7fef0aa0	cd263f1ad69d634ba7635f730517d6d0b207460b	frozen_editorial_integrator	1cb3cc9efe135966ec228dfaf51c6841a6dfc97c,6263a6099bd3bd1a243eb0cee5d46901be7eafa1
ECTA	revisions/2026-10-04-r16/retained/manuscript/method.tex	8458	b47b72b2e83487479688c67dac34e5ae0738edd72a256bcf9f6cd1cd230cf8eb	dd13d1a58f5e7aa4626ad0ab38f3712ef7cf4c5e	frozen_editorial_integrator	1cb3cc9efe135966ec228dfaf51c6841a6dfc97c,6263a6099bd3bd1a243eb0cee5d46901be7eafa1
supp	revisions/2026-10-04-r16/retained/manuscript/method_evidence.tex	1580	5bbe7f75383f83719c16b225a70ac7f7d1b72ff53cc0e3a114c5ded54e326e71	f774cc3632cf6a2660b2567058b80eb73e2187ca	frozen_editorial_integrator	1cb3cc9efe135966ec228dfaf51c6841a6dfc97c,6263a6099bd3bd1a243eb0cee5d46901be7eafa1
supp	revisions/2026-10-04-r16/retained/manuscript/method_inference.tex	6752	2db14016b51228a4284a0e15b7cc2a60cdae25a998ffc5e63aa442b4e71bab51	a87dbfbe624d221a42853e8b5befa044170a3fa2	frozen_editorial_integrator	1cb3cc9efe135966ec228dfaf51c6841a6dfc97c,6263a6099bd3bd1a243eb0cee5d46901be7eafa1
supp	revisions/2026-10-04-r16/retained/manuscript/method_inference_proof.tex	2043	d831ccf037265ec278bf5ade5f6a84a358ff2cce177647ad67c609f85ce29285	62a46a2e9a16111cf8fd6e80937645b1e3e6eba6	frozen_editorial_integrator	1cb3cc9efe135966ec228dfaf51c6841a6dfc97c,6263a6099bd3bd1a243eb0cee5d46901be7eafa1
ECTA	revisions/2026-10-04-r16/retained/manuscript/model.tex	5378	9973efc187251506f33f148e38a284389cc4e1d73d7bedb4858ccd1f40b68972	541ab5158964b0d96f01e0592ad0f4b8b054f6ff	frozen_editorial_integrator	1cb3cc9efe135966ec228dfaf51c6841a6dfc97c,6263a6099bd3bd1a243eb0cee5d46901be7eafa1
supp	revisions/2026-10-04-r16/retained/manuscript/new_evidence.tex	1575	003cdc37804328acf02ece8bc40015f5a73fa687d863dafdb7283fed5bf5220b	d934ab2cc367f4d20a067dc5b4f40411998b251f	frozen_editorial_integrator	1cb3cc9efe135966ec228dfaf51c6841a6dfc97c,6263a6099bd3bd1a243eb0cee5d46901be7eafa1
supp	revisions/2026-10-04-r16/retained/manuscript/new_proofs.tex	20174	ab2e362db376fc20ec94ab4ebffd3fd8adf195c0e22fbfd547e8007d6d318f64	b0b33289ba2dc8b4261a80b290e6ed580f8fb107	frozen_editorial_integrator	1cb3cc9efe135966ec228dfaf51c6841a6dfc97c,6263a6099bd3bd1a243eb0cee5d46901be7eafa1
ECTA	revisions/2026-10-04-r16/retained/manuscript/new_theory.tex	9512	9af8dd7eb6a4cec6092955aced590f4126365109615f0bfeade748ca85d60431	78a7d0d5ea1f7b6bd8d6e69f00b98f0e2225783a	frozen_editorial_integrator	1cb3cc9efe135966ec228dfaf51c6841a6dfc97c,6263a6099bd3bd1a243eb0cee5d46901be7eafa1
supp	revisions/2026-10-04-r16/retained/manuscript/observation_evidence.tex	2229	e369ce1ccc1e443cb6697a057161ea21c426863c9fe0ac9ad3f196ba1cc71832	536d9e765613d5ca795bd1dcb494e5cb4c74a8a1	frozen_editorial_integrator	1cb3cc9efe135966ec228dfaf51c6841a6dfc97c,6263a6099bd3bd1a243eb0cee5d46901be7eafa1
supp	revisions/2026-10-04-r16/retained/manuscript/observation_supplement.tex	827	9adb2f06de5e9c9c5cf3521a296647ff53e76aab0f8338f59a54b0b3ae7b6df9	6d407bea6e47f13bd63f7c81103187fd5732e8ee	frozen_editorial_integrator	1cb3cc9efe135966ec228dfaf51c6841a6dfc97c,6263a6099bd3bd1a243eb0cee5d46901be7eafa1
supp	revisions/2026-10-04-r16/retained/manuscript/paired_comparison.tex	1358	a77c2cc1cb0149be421b088cd35ec847e6ecaf101b81f4175bc8853e1bcd4656	73930ff9884dba12d9a44cc2199bbb705468de90	frozen_editorial_integrator	1cb3cc9efe135966ec228dfaf51c6841a6dfc97c,6263a6099bd3bd1a243eb0cee5d46901be7eafa1
supp	revisions/2026-10-04-r16/retained/manuscript/paired_comparison_supplement.tex	450	bacb52beba03c108858ef6e165429c54f4330e5f7293ea23dfcf8e31078dc25f	217e35528bc20ff73d2f7dbd74c9ab5b31390477	frozen_editorial_integrator	1cb3cc9efe135966ec228dfaf51c6841a6dfc97c,6263a6099bd3bd1a243eb0cee5d46901be7eafa1
supp	revisions/2026-10-04-r16/retained/manuscript/paired_interpretation.tex	978	626e1f478595a1eacdead6111d0612196dee3bd032fa0f05767c26790a57c4f6	75d0c2f2ecf1f5e38587253206fdb88d2876fb5c	frozen_editorial_integrator	1cb3cc9efe135966ec228dfaf51c6841a6dfc97c,6263a6099bd3bd1a243eb0cee5d46901be7eafa1
supp	revisions/2026-10-04-r16/retained/manuscript/paired_transfer.tex	21704	a3321d476bc24f5b70a15ab4cc482791136c736f47e19e45df86dd8cb20bb2b3	b7ac8c5e8958f715cf5c508cc8461d32555d67b5	frozen_editorial_integrator	1cb3cc9efe135966ec228dfaf51c6841a6dfc97c,6263a6099bd3bd1a243eb0cee5d46901be7eafa1
supp	revisions/2026-10-04-r16/retained/manuscript/primary_interpretation.tex	3579	def34b07657087c1974be37133b63f5629121e2395ebc168e6f4bf62f579e9c4	000c91503664addc5cefd885670890c1caf1cd4d	frozen_editorial_integrator	1cb3cc9efe135966ec228dfaf51c6841a6dfc97c,6263a6099bd3bd1a243eb0cee5d46901be7eafa1
supp	revisions/2026-10-04-r16/retained/manuscript/scalar_algebraic_enclosure.tex	7218	61b12bcad4f5f16299750d3c55edd056bad6363e5694f93e732e0712e5a88468	f9eba417fcdaef1048d92723de71ead008ae3519	frozen_editorial_integrator	1cb3cc9efe135966ec228dfaf51c6841a6dfc97c,6263a6099bd3bd1a243eb0cee5d46901be7eafa1
supp	revisions/2026-10-04-r16/retained/manuscript/scalar_supplement.tex	327	08dcd850f2c5ee231cc38acd77473f6c25c45a8cb7a2fead5e78ef0aa6c80b41	2789b7996f02fe8699cc76d04bf76dd4a4ef082a	frozen_editorial_integrator	1cb3cc9efe135966ec228dfaf51c6841a6dfc97c,6263a6099bd3bd1a243eb0cee5d46901be7eafa1
supp	revisions/2026-10-04-r16/retained/manuscript/table_observation_full.tex	1977	301c0042861acbcd8dc6e6ff50e47d7bbccf40deeee2edbad21494cfd65060f3	4c989f3150837939eb63e5b096422644d1261d4e	frozen_editorial_integrator	1cb3cc9efe135966ec228dfaf51c6841a6dfc97c,6263a6099bd3bd1a243eb0cee5d46901be7eafa1
supp	revisions/2026-10-04-r16/retained/manuscript/table_observation_main.tex	1392	5e3cd0269cb1cb34041c585df8dac1a80ff47af2b87415ad8c92c9440e7871fc	9a2c633231f3445feedf22f4fb044ef3ed84ee4c	frozen_editorial_integrator	1cb3cc9efe135966ec228dfaf51c6841a6dfc97c,6263a6099bd3bd1a243eb0cee5d46901be7eafa1
supp	revisions/2026-10-04-r16/retained/manuscript/table_observation_work.tex	1046	45ab5b656b80d97bb0d7bf68639b20a74d509403c82b618ea952ff83a68591d9	9cde2b734a0f4f84c8c5416bd4e256fe2dda35c2	frozen_editorial_integrator	1cb3cc9efe135966ec228dfaf51c6841a6dfc97c,6263a6099bd3bd1a243eb0cee5d46901be7eafa1
supp	revisions/2026-10-04-r16/retained/results/economic_bounds/economic_bounds.tex	2521	5cf29b4c6920d676d38685242e76aa166979a69add052388a85e09558e5074fc	09b3ba4d1292ac0e508430b683a61c133ad067d0	frozen_editorial_integrator	1cb3cc9efe135966ec228dfaf51c6841a6dfc97c,6263a6099bd3bd1a243eb0cee5d46901be7eafa1
supp	revisions/2026-10-04-r16/retained/results/economic_bounds/table_economic_bounds.tex	1468	63aa9aa584e7cb594d3020e378e3283bd6685a1d180cd64ca05586ccac5d4478	702177501f488be222495a99d519f04c4c2f1dbc	frozen_editorial_integrator	1cb3cc9efe135966ec228dfaf51c6841a6dfc97c,6263a6099bd3bd1a243eb0cee5d46901be7eafa1
supp	revisions/2026-10-04-r16/retained/results/experiment/report/table_method_checkpoint_progress.tex	1903	cfda5ee4aedee1b358cd6695249fdc6142ad93decb0d2442a9c7fc5a21029817	fca7d00ea617ac72da3ea0db3dd42e0456b74f2f	frozen_editorial_integrator	1cb3cc9efe135966ec228dfaf51c6841a6dfc97c,6263a6099bd3bd1a243eb0cee5d46901be7eafa1
supp	revisions/2026-10-04-r16/retained/results/experiment/report/table_method_decomposition.tex	1417	fa95fd3c551e141bfb891beb179efa3b320c66d4ccd28030dac6aa6373930ea8	c3117651232744b7c10364cc416d87e1a01ba058	frozen_editorial_integrator	1cb3cc9efe135966ec228dfaf51c6841a6dfc97c,6263a6099bd3bd1a243eb0cee5d46901be7eafa1
supp	revisions/2026-10-04-r16/retained/results/experiment/report/table_method_operations.tex	1520	67ad21b37cb4808f67d55b0d23a5afa95cd50e2d4401d7901c5ccf3b92a3c9e4	23b82c6f635b776d7a94a9ab2610cf862642ee0f	frozen_editorial_integrator	1cb3cc9efe135966ec228dfaf51c6841a6dfc97c,6263a6099bd3bd1a243eb0cee5d46901be7eafa1
supp	revisions/2026-10-04-r16/retained/results/experiment/report/table_method_work.tex	1464	08268efa8f6b5bda4474100a265a3345b318537804d9017fd7f33b93da2a2521	801efdf5ba34543cc35f9e881f2bdea69e97fe39	frozen_editorial_integrator	1cb3cc9efe135966ec228dfaf51c6841a6dfc97c,6263a6099bd3bd1a243eb0cee5d46901be7eafa1
supp	revisions/2026-10-04-r16/retained/results/mechanism/report/mechanism_evidence.tex	2580	308859388c44dc0accb849721d581735ace78150ddb6f3e2c31a0dd8c827a436	d1713fb230e5ac607c3ec12856b1ad3f8ca2e12e	frozen_editorial_integrator	1cb3cc9efe135966ec228dfaf51c6841a6dfc97c,6263a6099bd3bd1a243eb0cee5d46901be7eafa1
supp	revisions/2026-10-04-r16/retained/results/mechanism/report/table_mechanism_evaluation.tex	1460	9f640a415031ec6d820cf3c5b0379e5db0597eec61b9e4888412ddd791d1c95a	c9133ca99cf5c532e52a8e224f459aeb935eae47	frozen_editorial_integrator	1cb3cc9efe135966ec228dfaf51c6841a6dfc97c,6263a6099bd3bd1a243eb0cee5d46901be7eafa1
supp	revisions/2026-10-04-r16/retained/results/mechanism/report/table_mechanism_full.tex	1999	ff25b6c7a0f1e73885a62d1beccec505c698e91e90d703211ac476f13c3ddd58	1ec575c5f414e7525e1b336e7bf153c2e1dfbf73	frozen_editorial_integrator	1cb3cc9efe135966ec228dfaf51c6841a6dfc97c,6263a6099bd3bd1a243eb0cee5d46901be7eafa1
supp	revisions/2026-10-04-r16/retained/results/mechanism/report/table_mechanism_welfare.tex	1285	9c42cf201ac09b89b584470f8887937d3991d020dc34f5402a03e1c1b4007ff6	3c2debf836ccb069d2663434bb60991e27a4b11d	frozen_editorial_integrator	1cb3cc9efe135966ec228dfaf51c6841a6dfc97c,6263a6099bd3bd1a243eb0cee5d46901be7eafa1
supp	revisions/2026-10-04-r16/retained/results/mechanism/report/table_mechanism_work.tex	1261	c5370b7d879158e23972c8240c4f2d724f3f308a2894e5fe664324cd600ea083	c10585fc3e04d1bc1a162bc7f1b5c9bbd5449a9d	frozen_editorial_integrator	1cb3cc9efe135966ec228dfaf51c6841a6dfc97c,6263a6099bd3bd1a243eb0cee5d46901be7eafa1
supp	revisions/2026-10-04-r16/retained/results/paired_transfer/paired_transfer_main.tex	1682	c811149c03b354a090fe3e4878526ea3a0a3a23eb267c3746bb35ee05d620769	8feb16d2e9a072457011629873ec280c8148ec3a	frozen_editorial_integrator	1cb3cc9efe135966ec228dfaf51c6841a6dfc97c,6263a6099bd3bd1a243eb0cee5d46901be7eafa1
supp	revisions/2026-10-04-r16/retained/results/paired_transfer/paired_transfer_supplement.tex	10426	c5b7c332529021eb40726efebf6dfa62dc32dc091251f4a40da596fe322bd3ef	a3e15bfd6a9280c67663e51f643c86672091e383	frozen_editorial_integrator	1cb3cc9efe135966ec228dfaf51c6841a6dfc97c,6263a6099bd3bd1a243eb0cee5d46901be7eafa1
supp	revisions/2026-10-04-r16/retained/results/publication_tables/table_method_comparisons.tex	1705	8e8442d7e6d7578cef5264c8fad8b9cdd18ecb9d44c0cf0c2a4fa01eab4a15cd	61cdcdfc92fbfcd8975dfd6bf74db6e0d67b1f13	frozen_editorial_integrator	1cb3cc9efe135966ec228dfaf51c6841a6dfc97c,6263a6099bd3bd1a243eb0cee5d46901be7eafa1
supp	revisions/2026-10-04-r16/retained/results/publication_tables/table_method_seed_endpoints.tex	15670	5d20c41505fac95323baae236907ffab2f8d0305c7fa32a83a00cfb0cc6f642f	321bb65e290d2c87ec582159bf166b97a4980bbc	frozen_editorial_integrator	1cb3cc9efe135966ec228dfaf51c6841a6dfc97c,6263a6099bd3bd1a243eb0cee5d46901be7eafa1
supp	revisions/2026-10-04-r16/retained/results/publication_tables/table_method_summary.tex	1572	d37bd9ca2bae680c4d9995e7a5f73655028435a3df328a359e53167a9539a4bd	29a5d0937e00680789d410331130796aef475096	frozen_editorial_integrator	1cb3cc9efe135966ec228dfaf51c6841a6dfc97c,6263a6099bd3bd1a243eb0cee5d46901be7eafa1
supp	revisions/2026-10-04-r16/retained/results/scalar_report/scalar_complete_tables.tex	667	b9963e52495f02cc7a088428ee8e9f4126c798d49c82f982a396ad0f642b97a2	29731e789e5914888e7c44a0400f268244093047	frozen_editorial_integrator	1cb3cc9efe135966ec228dfaf51c6841a6dfc97c,6263a6099bd3bd1a243eb0cee5d46901be7eafa1
supp	revisions/2026-10-04-r16/retained/results/scalar_report/scalar_evidence.tex	4563	cad532736bda31f57039089618139e5314888db1a2da5e742ab199c54b88f873	7e799b34f6793138d3450f37a4f80538c4a52cf0	frozen_editorial_integrator	1cb3cc9efe135966ec228dfaf51c6841a6dfc97c,6263a6099bd3bd1a243eb0cee5d46901be7eafa1
supp	revisions/2026-10-04-r16/retained/results/scalar_report/table_scalar_all_meshes.tex	2493	470075ecb3d33fe6a8b121670419d9e7b89ce8cfbbcceb2e3d7898d7435cdfa9	a364b05774b8c13161de0ceceb3c30dc3e773dc1	frozen_editorial_integrator	1cb3cc9efe135966ec228dfaf51c6841a6dfc97c,6263a6099bd3bd1a243eb0cee5d46901be7eafa1
supp	revisions/2026-10-04-r16/retained/results/scalar_report/table_scalar_all_pairs.tex	8308	cc84fe4b92f1da0720b23545b12becaf44231f1b930008c2124410ff19ed124c	cfe39b8b706a8d2c74ecb701c305913980b4c43e	frozen_editorial_integrator	1cb3cc9efe135966ec228dfaf51c6841a6dfc97c,6263a6099bd3bd1a243eb0cee5d46901be7eafa1
supp	revisions/2026-10-04-r16/retained/results/scalar_report/table_scalar_deployment.tex	1660	fe691c70fbedfc4df4c2fae654f312b6dd60a3805a5b07537d26a0065782a5d7	c685552003ce610ba3b177112dc323cd353da687	frozen_editorial_integrator	1cb3cc9efe135966ec228dfaf51c6841a6dfc97c,6263a6099bd3bd1a243eb0cee5d46901be7eafa1
supp	revisions/2026-10-04-r16/retained/results/scalar_report/table_scalar_refinement.tex	1066	1b949ee3cf85dd119d8eb958eb55e43780738af3386625bb0cc0902527e63977	c7fdc488b78a9ff28e0363a65ce7b01e6ea8381a	frozen_editorial_integrator	1cb3cc9efe135966ec228dfaf51c6841a6dfc97c,6263a6099bd3bd1a243eb0cee5d46901be7eafa1
supp	revisions/2026-10-04-r16/retained/results/scalar_report/table_scalar_time_refinement.tex	1568	921a8f18eb9452cbf4952e357aade0c30150d28b51af158b0e856cb72fec7e64	b2d8fade44f9d2cf500092fdd2994f729a9faf31	frozen_editorial_integrator	1cb3cc9efe135966ec228dfaf51c6841a6dfc97c,6263a6099bd3bd1a243eb0cee5d46901be7eafa1
supp	revisions/2026-10-04-r16/retained/results/scalar_report/table_scalar_training.tex	1670	7e860cc8ae98ff7a39f30131f632a8b3535792053db2c0cc0162436b9324ef9b	57ab99d17de6daf5edf093622ca1b521ee30c5d3	frozen_editorial_integrator	1cb3cc9efe135966ec228dfaf51c6841a6dfc97c,6263a6099bd3bd1a243eb0cee5d46901be7eafa1
supp	supp.tex	4196	9ee61cd61ac48167d5f33eec0f46d339ce0906ed3760043fc6b0ad81ae57a2d9	ae84abcc65d60e63ed9e8d84284056b000ad5ce6	frozen_editorial_integrator	6263a6099bd3bd1a243eb0cee5d46901be7eafa1
